Mouse ID,Timepoint,Drug Regimen,Sex,Age_months,Weight (g),Tumor Volume (mm3),Metastatic Sites
k403,0,Ramicane,Male,21,16,45.0,0
k403,5,Ramicane,Male,21,16,38.82589807,0
k403,10,Ramicane,Male,21,16,35.01427146,1
k403,15,Ramicane,Male,21,16,34.22399174,1
k403,20,Ramicane,Male,21,16,32.99772858,1
k403,25,Ramicane,Male,21,16,33.46457735,1
k403,30,Ramicane,Male,21,16,31.09949753,1
k403,35,Ramicane,Male,21,16,26.54699343,1
k403,40,Ramicane,Male,21,16,24.36550471,1
k403,45,Ramicane,Male,21,16,22.05012627,1
s185,0,Capomulin,Female,3,17,45.0,0
s185,5,Capomulin,Female,3,17,43.87849569,0
s185,10,Capomulin,Female,3,17,37.61494768,0
s185,15,Capomulin,Female,3,17,38.17723195,0
s185,20,Capomulin,Female,3,17,36.86687576,0
s185,25,Capomulin,Female,3,17,33.94994037,0
s185,30,Capomulin,Female,3,17,32.95967078,1
s185,35,Capomulin,Female,3,17,28.32853059,1
s185,40,Capomulin,Female,3,17,25.47214326,1
s185,45,Capomulin,Female,3,17,23.34359787,1
x401,0,Capomulin,Female,16,15,45.0,0
x401,5,Capomulin,Female,16,15,45.47375302,0
x401,10,Capomulin,Female,16,15,39.11389068,0
x401,15,Capomulin,Female,16,15,39.77625003,0
x401,20,Capomulin,Female,16,15,36.06583471,0
x401,25,Capomulin,Female,16,15,36.61712031,0
x401,30,Capomulin,Female,16,15,32.91529186,0
x401,35,Capomulin,Female,16,15,30.20682488,0
x401,40,Capomulin,Female,16,15,28.16739732,0
x401,45,Capomulin,Female,16,15,28.48403281,0
m601,0,Capomulin,Male,22,17,45.0,0
m601,5,Capomulin,Male,22,17,41.40859145,1
m601,10,Capomulin,Male,22,17,36.82536664,1
m601,15,Capomulin,Male,22,17,35.46461175,1
m601,20,Capomulin,Male,22,17,34.2557317,1
m601,25,Capomulin,Male,22,17,33.11875607,1
m601,30,Capomulin,Male,22,17,31.75827491,1
m601,35,Capomulin,Male,22,17,30.83435704,1
m601,40,Capomulin,Male,22,17,31.3780453,1
m601,45,Capomulin,Male,22,17,28.43096411,1
g791,0,Ramicane,Male,11,16,45.0,0
g791,5,Ramicane,Male,11,16,45.85153062,0
g791,10,Ramicane,Male,11,16,40.17055848,0
g791,15,Ramicane,Male,11,16,40.67812852,0
g791,20,Ramicane,Male,11,16,41.211897,0
g791,25,Ramicane,Male,11,16,35.56939935,1
g791,30,Ramicane,Male,11,16,34.95258284,1
g791,35,Ramicane,Male,11,16,30.96039194,1
g791,40,Ramicane,Male,11,16,31.36940573,1
g791,45,Ramicane,Male,11,16,29.12847181,1
s508,0,Ramicane,Male,1,17,45.0,0
s508,5,Ramicane,Male,1,17,38.71187185,0
s508,10,Ramicane,Male,1,17,34.8509979,0
s508,15,Ramicane,Male,1,17,35.27690634,0
s508,20,Ramicane,Male,1,17,35.92865083,0
s508,25,Ramicane,Male,1,17,36.33856894,0
s508,30,Ramicane,Male,1,17,35.47402235,0
s508,35,Ramicane,Male,1,17,35.8461407,0
s508,40,Ramicane,Male,1,17,32.79817119,0
s508,45,Ramicane,Male,1,17,30.27623175,0
f966,0,Capomulin,Male,16,17,45.0,0
f966,5,Capomulin,Male,16,17,38.79647373,0
f966,10,Capomulin,Male,16,17,35.6244027,0
f966,15,Capomulin,Male,16,17,32.62300253,0
f966,20,Capomulin,Male,16,17,30.48598484,0
m546,0,Ramicane,Male,18,16,45.0,0
m546,5,Ramicane,Male,18,16,42.99887638,0
m546,10,Ramicane,Male,18,16,43.74822357,0
m546,15,Ramicane,Male,18,16,39.89743533,0
m546,20,Ramicane,Male,18,16,36.71229535,0
m546,25,Ramicane,Male,18,16,37.44444543,0
m546,30,Ramicane,Male,18,16,37.96993365,0
m546,35,Ramicane,Male,18,16,38.62753581,1
m546,40,Ramicane,Male,18,16,35.1145752,1
m546,45,Ramicane,Male,18,16,30.56462509,1
z578,0,Ramicane,Male,11,16,45.0,0
z578,5,Ramicane,Male,11,16,42.18878662,0
z578,10,Ramicane,Male,11,16,42.95211843,0
z578,15,Ramicane,Male,11,16,38.68851607,0
z578,20,Ramicane,Male,11,16,36.89001635,0
z578,25,Ramicane,Male,11,16,37.41411419,0
z578,30,Ramicane,Male,11,16,37.81593487,0
z578,35,Ramicane,Male,11,16,38.50482444,0
z578,40,Ramicane,Male,11,16,34.02209336,0
z578,45,Ramicane,Male,11,16,30.63869575,0
j913,0,Ramicane,Female,4,17,45.0,0
j913,5,Ramicane,Female,4,17,44.01490022,0
j913,10,Ramicane,Female,4,17,44.49716216,0
j913,15,Ramicane,Female,4,17,45.25253427,0
j913,20,Ramicane,Female,4,17,42.16834132,0
j913,25,Ramicane,Female,4,17,37.86066936,0
j913,30,Ramicane,Female,4,17,34.75724046,0
j913,35,Ramicane,Female,4,17,35.17014843,0
j913,40,Ramicane,Female,4,17,31.00186078,1
j913,45,Ramicane,Female,4,17,31.56046955,1
u364,0,Capomulin,Male,18,17,45.0,0
u364,5,Capomulin,Male,18,17,45.76088647,1
u364,10,Capomulin,Male,18,17,46.56841719,2
u364,15,Capomulin,Male,18,17,47.21219992,2
u364,20,Capomulin,Male,18,17,40.34394812,2
u364,25,Capomulin,Male,18,17,35.50361557,2
u364,30,Capomulin,Male,18,17,35.9783344,2
u364,35,Capomulin,Male,18,17,35.45948978,2
u364,40,Capomulin,Male,18,17,36.02413752,2
u364,45,Capomulin,Male,18,17,31.02392294,3
n364,0,Ramicane,Male,4,17,45.0,0
n364,5,Ramicane,Male,4,17,45.52187471,0
n364,10,Ramicane,Male,4,17,40.3751382,0
n364,15,Ramicane,Male,4,17,36.94027399,0
n364,20,Ramicane,Male,4,17,37.4788685,0
n364,25,Ramicane,Male,4,17,33.20500824,0
n364,30,Ramicane,Male,4,17,33.817758,0
n364,35,Ramicane,Male,4,17,34.48752204,1
n364,40,Ramicane,Male,4,17,34.95473311,1
n364,45,Ramicane,Male,4,17,31.09533505,1
y793,0,Capomulin,Male,17,17,45.0,0
y793,5,Capomulin,Male,17,17,41.01991315,0
y793,10,Capomulin,Male,17,17,41.63001026,1
y793,15,Capomulin,Male,17,17,42.28366512,1
y793,20,Capomulin,Male,17,17,40.71642815,2
y793,25,Capomulin,Male,17,17,38.9927339,2
y793,30,Capomulin,Male,17,17,35.72602314,2
y793,35,Capomulin,Male,17,17,36.3278696,2
y793,40,Capomulin,Male,17,17,31.47541076,2
y793,45,Capomulin,Male,17,17,31.8962384,2
r554,0,Capomulin,Female,8,17,45.0,0
r554,5,Capomulin,Female,8,17,45.78174579,1
r554,10,Capomulin,Female,8,17,39.0054935,2
r554,15,Capomulin,Female,8,17,35.46375763,2
r554,20,Capomulin,Female,8,17,36.01558858,2
r554,25,Capomulin,Female,8,17,33.89334515,3
r554,30,Capomulin,Female,8,17,32.68065459,3
r554,35,Capomulin,Female,8,17,33.06933705,3
r554,40,Capomulin,Female,8,17,31.80484133,3
r554,45,Capomulin,Female,8,17,32.37735684,3
m957,0,Capomulin,Female,3,19,45.0,0
m957,5,Capomulin,Female,3,19,45.62238149,1
m957,10,Capomulin,Female,3,19,46.4145177,1
m957,15,Capomulin,Female,3,19,39.80445341,1
m957,20,Capomulin,Female,3,19,38.90934919,1
m957,25,Capomulin,Female,3,19,37.69543154,1
m957,30,Capomulin,Female,3,19,38.21247939,1
m957,35,Capomulin,Female,3,19,32.56283914,1
m957,40,Capomulin,Female,3,19,32.94761484,1
m957,45,Capomulin,Female,3,19,33.32909778,1
c758,0,Ramicane,Male,9,17,45.0,0
c758,5,Ramicane,Male,9,17,45.5786783,0
c758,10,Ramicane,Male,9,17,46.28799223,0
c758,15,Ramicane,Male,9,17,46.94094512,1
c758,20,Ramicane,Male,9,17,43.1263114,1
c758,25,Ramicane,Male,9,17,43.6022673,1
c758,30,Ramicane,Male,9,17,44.11827028,1
c758,35,Ramicane,Male,9,17,37.80238546,1
c758,40,Ramicane,Male,9,17,32.83318858,1
c758,45,Ramicane,Male,9,17,33.39765251,1
t565,0,Capomulin,Female,20,17,45.0,0
t565,5,Capomulin,Female,20,17,45.8956472,0
t565,10,Capomulin,Female,20,17,46.74900552,0
t565,15,Capomulin,Female,20,17,44.44094861,0
t565,20,Capomulin,Female,20,17,39.0702138,0
t565,25,Capomulin,Female,20,17,37.34220976,0
t565,30,Capomulin,Female,20,17,32.86891617,0
t565,35,Capomulin,Female,20,17,33.51567063,0
t565,40,Capomulin,Female,20,17,33.94934131,0
t565,45,Capomulin,Female,20,17,34.45529799,0
a644,0,Ramicane,Female,7,17,45.0,0
a644,5,Ramicane,Female,7,17,45.55015754,0
a644,10,Ramicane,Female,7,17,46.38071258,0
a644,15,Ramicane,Female,7,17,46.91089166,0
a644,20,Ramicane,Female,7,17,45.86506461,0
a644,25,Ramicane,Female,7,17,41.48122408,0
a644,30,Ramicane,Female,7,17,37.21112063,0
a644,35,Ramicane,Female,7,17,35.12863083,0
a644,40,Ramicane,Female,7,17,35.77945086,0
a644,45,Ramicane,Female,7,17,32.97852192,1
i177,0,Ramicane,Male,10,18,45.0,0
i177,5,Ramicane,Male,10,18,44.06539783,0
i177,10,Ramicane,Male,10,18,41.02092924,0
i177,15,Ramicane,Male,10,18,40.33093479,0
i177,20,Ramicane,Male,10,18,35.34536136,0
i177,25,Ramicane,Male,10,18,34.0821803,1
i177,30,Ramicane,Male,10,18,34.71147302,1
i177,35,Ramicane,Male,10,18,35.1521662,1
i177,40,Ramicane,Male,10,18,35.55793279,2
i177,45,Ramicane,Male,10,18,33.56240217,3
j989,0,Ramicane,Male,8,19,45.0,0
j989,5,Ramicane,Male,8,19,45.62071835,1
j989,10,Ramicane,Male,8,19,46.34383237,1
j989,15,Ramicane,Male,8,19,41.12835439,1
j989,20,Ramicane,Male,8,19,41.63534426,1
j989,25,Ramicane,Male,8,19,39.93411249,1
j989,30,Ramicane,Male,8,19,34.67178107,1
j989,35,Ramicane,Male,8,19,35.1155898,1
j989,40,Ramicane,Male,8,19,35.50119014,1
j989,45,Ramicane,Male,8,19,36.13485243,1
i738,0,Capomulin,Female,23,20,45.0,0
i738,5,Capomulin,Female,23,20,45.59568527,0
i738,10,Capomulin,Female,23,20,43.42101414,0
i738,15,Capomulin,Female,23,20,37.97877782,0
i738,20,Capomulin,Female,23,20,38.53113634,0
i738,25,Capomulin,Female,23,20,34.97343761,0
i738,30,Capomulin,Female,23,20,35.57877987,1
i738,35,Capomulin,Female,23,20,36.17595269,1
i738,40,Capomulin,Female,23,20,36.84389799,2
i738,45,Capomulin,Female,23,20,37.31184577,2
a520,0,Ramicane,Male,13,21,45.0,0
a520,5,Ramicane,Male,13,21,38.72370695,0
a520,10,Ramicane,Male,13,21,36.42938781,0
a520,15,Ramicane,Male,13,21,35.590254,0
a520,20,Ramicane,Male,13,21,35.94774514,0
a520,25,Ramicane,Male,13,21,36.55858129,1
a520,30,Ramicane,Male,13,21,36.94770981,1
a520,35,Ramicane,Male,13,21,37.62471026,1
a520,40,Ramicane,Male,13,21,38.25972497,1
a520,45,Ramicane,Male,13,21,38.81036633,1
w914,0,Capomulin,Male,24,21,45.0,0
w914,5,Capomulin,Male,24,21,45.89372032,0
w914,10,Capomulin,Male,24,21,43.23196275,0
w914,15,Capomulin,Male,24,21,43.68844893,0
w914,20,Capomulin,Male,24,21,41.10809233,0
w914,25,Capomulin,Male,24,21,40.29191661,0
w914,30,Capomulin,Male,24,21,40.99311013,0
w914,35,Capomulin,Male,24,21,41.66491577,1
w914,40,Capomulin,Male,24,21,35.61130861,2
w914,45,Capomulin,Male,24,21,36.04104736,2
r811,0,Ramicane,Male,9,19,45.0,0
r811,5,Ramicane,Male,9,19,45.62580225,0
r811,10,Ramicane,Male,9,19,39.453903,0
r811,15,Ramicane,Male,9,19,40.02229235,0
r811,20,Ramicane,Male,9,19,40.7728027,0
r811,25,Ramicane,Male,9,19,37.61401068,0
r811,30,Ramicane,Male,9,19,38.24206639,0
r811,35,Ramicane,Male,9,19,36.00302016,1
r811,40,Ramicane,Male,9,19,36.5200329,1
r811,45,Ramicane,Male,9,19,37.22565033,1
g288,0,Capomulin,Male,3,19,45.0,0
g288,5,Capomulin,Male,3,19,45.83939976,0
g288,10,Capomulin,Male,3,19,46.30400254,1
g288,15,Capomulin,Male,3,19,42.17230079,1
g288,20,Capomulin,Male,3,19,42.95712001,1
g288,25,Capomulin,Male,3,19,42.36869239,1
g288,30,Capomulin,Male,3,19,42.87446056,1
g288,35,Capomulin,Male,3,19,38.95411458,1
g288,40,Capomulin,Male,3,19,36.35685121,1
g288,45,Capomulin,Male,3,19,37.07402422,1
i334,0,Ramicane,Female,8,20,45.0,0
i334,5,Ramicane,Female,8,20,41.02051821,0
i334,10,Ramicane,Female,8,20,41.63124731,0
i334,15,Ramicane,Female,8,20,39.15800115,0
i334,20,Ramicane,Female,8,20,39.6878317,0
i334,25,Ramicane,Female,8,20,38.24881732,1
i334,30,Ramicane,Female,8,20,39.00555435,1
i334,35,Ramicane,Female,8,20,39.7695521,2
i334,40,Ramicane,Female,8,20,40.44237037,2
i334,45,Ramicane,Female,8,20,36.37451039,2
q610,0,Ramicane,Female,18,21,45.0,0
q610,5,Ramicane,Female,18,21,45.62949421,0
q610,10,Ramicane,Female,18,21,44.99148471,0
q610,15,Ramicane,Female,18,21,45.88902756,0
q610,20,Ramicane,Female,18,21,46.58543347,0
q610,25,Ramicane,Female,18,21,40.14645019,0
q610,30,Ramicane,Female,18,21,40.66834256,1
q610,35,Ramicane,Female,18,21,36.56165229,2
d251,0,Ramicane,Female,8,19,45.0,0
d251,5,Ramicane,Female,8,19,41.74635495,1
d251,10,Ramicane,Female,8,19,42.43225791,1
d251,15,Ramicane,Female,8,19,39.47278744,1
d251,20,Ramicane,Female,8,19,37.65209085,1
d251,25,Ramicane,Female,8,19,38.09751328,1
d251,30,Ramicane,Female,8,19,38.71825638,2
d251,35,Ramicane,Female,8,19,37.70852942,2
d251,40,Ramicane,Female,8,19,38.26540379,2
d251,45,Ramicane,Female,8,19,37.31123552,2
l897,0,Capomulin,Male,17,19,45.0,0
l897,5,Capomulin,Male,17,19,45.46224327,0
l897,10,Capomulin,Male,17,19,46.15473721,0
l897,15,Capomulin,Male,17,19,44.0615214,0
l897,20,Capomulin,Male,17,19,44.81309343,0
l897,25,Capomulin,Male,17,19,45.35467916,0
l897,30,Capomulin,Male,17,19,39.35279201,1
l897,35,Capomulin,Male,17,19,37.68276664,1
l897,40,Capomulin,Male,17,19,38.34390154,1
l897,45,Capomulin,Male,17,19,38.84687569,1
c458,0,Ramicane,Female,23,20,45.0,0
c458,5,Ramicane,Female,23,20,45.72227949,0
c458,10,Ramicane,Female,23,20,44.45437828,1
c458,15,Ramicane,Female,23,20,45.10742313,2
c458,20,Ramicane,Female,23,20,39.50513508,2
c458,25,Ramicane,Female,23,20,37.75314964,2
c458,30,Ramicane,Female,23,20,38.34200823,2
b742,0,Capomulin,Male,7,21,45.0,0
b742,5,Capomulin,Male,7,21,41.53409702,0
b742,10,Capomulin,Male,7,21,41.99922813,0
b742,15,Capomulin,Male,7,21,39.52484301,0
b742,20,Capomulin,Male,7,21,37.95035546,0
b742,25,Capomulin,Male,7,21,38.61768433,0
b742,30,Capomulin,Male,7,21,39.1679495,0
b742,35,Capomulin,Male,7,21,39.84757556,0
b742,40,Capomulin,Male,7,21,38.2556274,0
b742,45,Capomulin,Male,7,21,38.93963263,0
b128,0,Capomulin,Female,9,22,45.0,0
b128,5,Capomulin,Female,9,22,45.65133131,0
b128,10,Capomulin,Female,9,22,43.2708519,0
b128,15,Capomulin,Female,9,22,43.78489343,0
b128,20,Capomulin,Female,9,22,42.731552,0
b128,25,Capomulin,Female,9,22,43.26214483,1
b128,30,Capomulin,Female,9,22,40.60533486,1
b128,35,Capomulin,Female,9,22,37.96764437,1
b128,40,Capomulin,Female,9,22,38.3797259,2
b128,45,Capomulin,Female,9,22,38.98287774,2
j246,0,Capomulin,Female,21,21,45.0,0
j246,5,Capomulin,Female,21,21,45.64143788,0
j246,10,Capomulin,Female,21,21,46.4083613,0
j246,15,Capomulin,Female,21,21,43.31265415,0
j246,20,Capomulin,Female,21,21,44.02037009,0
j246,25,Capomulin,Female,21,21,44.55522595,0
j246,30,Capomulin,Female,21,21,38.04408202,1
j246,35,Capomulin,Female,21,21,38.75326548,1
a411,0,Ramicane,Male,3,22,45.0,0
a411,5,Ramicane,Male,3,22,45.46667714,0
a411,10,Ramicane,Male,3,22,40.75978762,1
a411,15,Ramicane,Male,3,22,41.48416885,1
a411,20,Ramicane,Male,3,22,38.08737318,1
a411,25,Ramicane,Male,3,22,38.7014384,1
a411,30,Ramicane,Male,3,22,39.13073724,1
a411,35,Ramicane,Male,3,22,39.71723589,1
a411,40,Ramicane,Male,3,22,40.25881765,1
a411,45,Ramicane,Male,3,22,38.4076183,1
j119,0,Capomulin,Female,7,23,45.0,0
j119,5,Capomulin,Female,7,23,45.83899787,0
j119,10,Capomulin,Female,7,23,46.42536551,0
j119,15,Capomulin,Female,7,23,47.32298428,0
j119,20,Capomulin,Female,7,23,48.15820939,1
j119,25,Capomulin,Female,7,23,42.41716589,1
j119,30,Capomulin,Female,7,23,43.01368114,1
j119,35,Capomulin,Female,7,23,43.76570537,1
j119,40,Capomulin,Female,7,23,44.5850896,1
j119,45,Capomulin,Female,7,23,38.1251644,1
w150,0,Capomulin,Male,23,23,45.0,0
w150,5,Capomulin,Male,23,23,39.20212894,0
w150,10,Capomulin,Male,23,23,39.95234669,0
v923,0,Capomulin,Female,19,21,45.0,0
v923,5,Capomulin,Female,19,21,45.70443431,0
v923,10,Capomulin,Female,19,21,39.84822328,0
v923,15,Capomulin,Female,19,21,40.45798877,0
v923,20,Capomulin,Female,19,21,39.64829568,0
v923,25,Capomulin,Female,19,21,40.15641269,1
v923,30,Capomulin,Female,19,21,40.75221626,2
v923,35,Capomulin,Female,19,21,41.43924156,2
v923,40,Capomulin,Female,19,21,42.1510148,2
v923,45,Capomulin,Female,19,21,40.65812366,2
g316,0,Capomulin,Female,22,22,45.0,0
g316,5,Capomulin,Female,22,22,44.02275246,0
g316,10,Capomulin,Female,22,22,44.50204246,0
g316,15,Capomulin,Female,22,22,45.21674299,0
g316,20,Capomulin,Female,22,22,45.93332219,1
g316,25,Capomulin,Female,22,22,46.80922469,1
g316,30,Capomulin,Female,22,22,44.22147988,2
g316,35,Capomulin,Female,22,22,44.70283296,2
g316,40,Capomulin,Female,22,22,45.56582103,2
g316,45,Capomulin,Female,22,22,40.1592203,2
s710,0,Capomulin,Female,1,23,45.0,0
s710,5,Capomulin,Female,1,23,43.1809774,0
s710,10,Capomulin,Female,1,23,43.68802627,0
s710,15,Capomulin,Female,1,23,41.84523536,0
s710,20,Capomulin,Female,1,23,42.62996266,1
s710,25,Capomulin,Female,1,23,43.06040875,1
s710,30,Capomulin,Female,1,23,43.57170323,1
s710,35,Capomulin,Female,1,23,44.16051879,1
s710,40,Capomulin,Female,1,23,40.17192011,1
s710,45,Capomulin,Female,1,23,40.72857787,1
l509,0,Capomulin,Male,17,21,45.0,0
l509,5,Capomulin,Male,17,21,45.85119285,0
l509,10,Capomulin,Male,17,21,46.75907363,0
l509,15,Capomulin,Male,17,21,47.48859931,1
l509,20,Capomulin,Male,17,21,48.07045162,2
l509,25,Capomulin,Male,17,21,44.00625702,2
l509,30,Capomulin,Male,17,21,44.70805473,2
l509,35,Capomulin,Male,17,21,40.2072885,2
l509,40,Capomulin,Male,17,21,40.77081259,2
l509,45,Capomulin,Male,17,21,41.48300765,3
r944,0,Capomulin,Male,12,25,45.0,0
r944,5,Capomulin,Male,12,25,45.73714484,0
r944,10,Capomulin,Male,12,25,46.54429202,0
r944,15,Capomulin,Male,12,25,47.37342325,0
r944,20,Capomulin,Male,12,25,43.22567119,1
r944,25,Capomulin,Male,12,25,41.08699106,1
r944,30,Capomulin,Male,12,25,41.68079111,1
r944,35,Capomulin,Male,12,25,40.40176542,2
r944,40,Capomulin,Male,12,25,41.0420449,2
r944,45,Capomulin,Male,12,25,41.58152074,2
e662,0,Ramicane,Male,8,24,45.0,0
e662,5,Ramicane,Male,8,24,45.81628252,0
e662,10,Ramicane,Male,8,24,46.40908385,0
e662,15,Ramicane,Male,8,24,43.55377339,0
e662,20,Ramicane,Male,8,24,44.0012958,0
e662,25,Ramicane,Male,8,24,44.66459432,1
e662,30,Ramicane,Male,8,24,45.35023242,1
e662,35,Ramicane,Male,8,24,43.22027636,1
e662,40,Ramicane,Male,8,24,44.00672385,2
e662,45,Ramicane,Male,8,24,40.65900627,2
u196,0,Ramicane,Male,18,25,45.0,0
u196,5,Ramicane,Male,18,25,45.55746444,1
u196,10,Ramicane,Male,18,25,46.42294306,1
u196,15,Ramicane,Male,18,25,47.22717065,1
u196,20,Ramicane,Male,18,25,46.10536303,1
u196,25,Ramicane,Male,18,25,46.7053254,1
u196,30,Ramicane,Male,18,25,47.62281636,2
u196,35,Ramicane,Male,18,25,47.00146542,2
u196,40,Ramicane,Male,18,25,43.45368679,2
u196,45,Ramicane,Male,18,25,40.66771292,3
q597,0,Ramicane,Male,20,25,45.0,0
q597,5,Ramicane,Male,20,25,45.76611104,0
q597,10,Ramicane,Male,20,25,42.53798598,0
q597,15,Ramicane,Male,20,25,41.39566036,0
q597,20,Ramicane,Male,20,25,41.9255866,0
q597,25,Ramicane,Male,20,25,42.57570709,1
q597,30,Ramicane,Male,20,25,43.33916123,1
q597,35,Ramicane,Male,20,25,43.80720142,1
q597,40,Ramicane,Male,20,25,44.47182121,2
q597,45,Ramicane,Male,20,25,45.22086888,2
a444,0,Ramicane,Female,10,25,45.0,0
a444,5,Ramicane,Female,10,25,44.00597487,0
a444,10,Ramicane,Female,10,25,44.51255951,0
a444,15,Ramicane,Female,10,25,43.00127957,0
a444,20,Ramicane,Female,10,25,41.71461874,0
a444,25,Ramicane,Female,10,25,42.29139437,0
a444,30,Ramicane,Female,10,25,42.78627835,0
a444,35,Ramicane,Female,10,25,41.73595083,0
a444,40,Ramicane,Female,10,25,42.50492554,0
a444,45,Ramicane,Female,10,25,43.0475426,0
i557,0,Capomulin,Female,1,24,45.0,0
i557,5,Capomulin,Female,1,24,42.2616653,0
i557,10,Capomulin,Female,1,24,42.99207658,0
i557,15,Capomulin,Female,1,24,43.5298757,0
i557,20,Capomulin,Female,1,24,43.96789516,0
i557,25,Capomulin,Female,1,24,44.59621854,0
i557,30,Capomulin,Female,1,24,45.26138381,0
i557,35,Capomulin,Female,1,24,45.94194901,0
i557,40,Capomulin,Female,1,24,46.82106972,1
i557,45,Capomulin,Female,1,24,47.68596303,1
r921,0,Ramicane,Female,5,25,45.0,0
r921,5,Ramicane,Female,5,25,45.56821083,0
r921,10,Ramicane,Female,5,25,42.71192694,0
r921,15,Ramicane,Female,5,25,43.52726054,0
r921,20,Ramicane,Female,5,25,44.13631588,0
r921,25,Ramicane,Female,5,25,42.65534089,1
r921,30,Ramicane,Female,5,25,43.41938077,1
w678,0,Ramicane,Female,5,24,45.0,0
w678,5,Ramicane,Female,5,24,43.16637266,0
y449,0,Ramicane,Male,19,24,45.0,0
y449,5,Ramicane,Male,19,24,45.87754494,0
y449,10,Ramicane,Male,19,24,46.37809248,0
y449,15,Ramicane,Male,19,24,44.18345092,0
a203,0,Infubinol,Female,20,23,45.0,0
a203,5,Infubinol,Female,20,23,48.5084684,0
a203,10,Infubinol,Female,20,23,51.8524372,1
a203,15,Infubinol,Female,20,23,52.7778705,1
a203,20,Infubinol,Female,20,23,55.17333648,1
a203,25,Infubinol,Female,20,23,56.79320832,1
a203,30,Infubinol,Female,20,23,59.52319728,1
a203,35,Infubinol,Female,20,23,61.93165007,2
a203,40,Infubinol,Female,20,23,63.59349002,2
a203,45,Infubinol,Female,20,23,67.97341878,2
a251,0,Infubinol,Female,21,25,45.0,0
a251,5,Infubinol,Female,21,25,46.98212719,0
a251,10,Infubinol,Female,21,25,48.59117901,1
a251,15,Infubinol,Female,21,25,50.53445603,1
a251,20,Infubinol,Female,21,25,54.46259376,1
a251,25,Infubinol,Female,21,25,57.4146457,1
a251,30,Infubinol,Female,21,25,59.86124129,1
a251,35,Infubinol,Female,21,25,60.90388455,1
a251,40,Infubinol,Female,21,25,63.09507565,1
a251,45,Infubinol,Female,21,25,65.52574285,1
a262,0,Placebo,Female,17,29,45.0,0
a262,5,Placebo,Female,17,29,48.71756819,1
a262,10,Placebo,Female,17,29,49.59518129,1
a262,15,Placebo,Female,17,29,53.82797367,2
a262,20,Placebo,Female,17,29,57.01331331,2
a262,25,Placebo,Female,17,29,60.13186217,2
a262,30,Placebo,Female,17,29,64.95809178,3
a262,35,Placebo,Female,17,29,66.56196302,4
a262,40,Placebo,Female,17,29,69.59273198,4
a262,45,Placebo,Female,17,29,70.71762058,4
a275,0,Ceftamin,Female,20,28,45.0,0
a275,5,Ceftamin,Female,20,28,46.79525728,0
a275,10,Ceftamin,Female,20,28,47.37134328,0
a275,15,Ceftamin,Female,20,28,49.73440359,0
a275,20,Ceftamin,Female,20,28,50.51343652,1
a275,25,Ceftamin,Female,20,28,53.57606417,1
a275,30,Ceftamin,Female,20,28,54.44471317,2
a275,35,Ceftamin,Female,20,28,56.35353804,2
a275,40,Ceftamin,Female,20,28,60.92153868,3
a275,45,Ceftamin,Female,20,28,62.99935619,3
a366,0,Stelasyn,Female,16,29,45.0,0
a366,5,Stelasyn,Female,16,29,48.95136773,0
a366,10,Stelasyn,Female,16,29,53.52399007,0
a366,15,Stelasyn,Female,16,29,55.26558163,0
a366,20,Stelasyn,Female,16,29,57.28598742,0
a366,25,Stelasyn,Female,16,29,59.01172817,0
a366,30,Stelasyn,Female,16,29,63.44068627,1
a401,0,Zoniferol,Female,8,25,45.0,0
a401,5,Zoniferol,Female,8,25,46.11198591,0
a401,10,Zoniferol,Female,8,25,47.7259374,1
a401,15,Zoniferol,Female,8,25,49.93472542,1
a401,20,Zoniferol,Female,8,25,52.20451136,2
a401,25,Zoniferol,Female,8,25,54.20983551,3
a401,30,Zoniferol,Female,8,25,55.91016159,3
a401,35,Zoniferol,Female,8,25,60.34714467,3
a401,40,Zoniferol,Female,8,25,61.76860538,4
a401,45,Zoniferol,Female,8,25,66.79415599,4
a457,0,Ketapril,Female,11,30,45.0,0
a457,5,Ketapril,Female,11,30,47.462891,0
a457,10,Ketapril,Female,11,30,49.78341894,0
a492,0,Stelasyn,Male,20,25,45.0,0
a492,5,Stelasyn,Male,20,25,46.40914339,0
a492,10,Stelasyn,Male,20,25,48.43219661,0
a492,15,Stelasyn,Male,20,25,51.9852629,0
a492,20,Stelasyn,Male,20,25,53.67719253,0
a492,25,Stelasyn,Male,20,25,54.70122868,1
a492,30,Stelasyn,Male,20,25,56.20104104,1
a492,35,Stelasyn,Male,20,25,57.30855379,1
a492,40,Stelasyn,Male,20,25,57.92849897,1
a492,45,Stelasyn,Male,20,25,60.12201052,1
a577,0,Infubinol,Female,6,25,45.0,0
a577,5,Infubinol,Female,6,25,46.1977199,1
a577,10,Infubinol,Female,6,25,49.5096389,1
a577,15,Infubinol,Female,6,25,50.91500662,2
a577,20,Infubinol,Female,6,25,52.36518457,2
a577,25,Infubinol,Female,6,25,54.38093154,2
a577,30,Infubinol,Female,6,25,57.03186187,2
a685,0,Infubinol,Male,8,30,45.0,0
a685,5,Infubinol,Male,8,30,46.87048256,0
a685,10,Infubinol,Male,8,30,47.66475264,0
a685,15,Infubinol,Male,8,30,48.95147442,0
a685,20,Infubinol,Male,8,30,49.49055902,0
a685,25,Infubinol,Male,8,30,51.93995092,0
a685,30,Infubinol,Male,8,30,55.45385519,1
a685,35,Infubinol,Male,8,30,58.09262925,1
a685,40,Infubinol,Male,8,30,60.56790371,2
a685,45,Infubinol,Male,8,30,66.08306589,3
a699,0,Propriva,Female,5,28,45.0,0
a699,5,Propriva,Female,5,28,46.55308986,0
a699,10,Propriva,Female,5,28,47.86737569,0
a699,15,Propriva,Female,5,28,49.53040137,0
a699,20,Propriva,Female,5,28,50.71242334,0
a699,25,Propriva,Female,5,28,51.84638147,0
a699,30,Propriva,Female,5,28,54.37934505,0
a699,35,Propriva,Female,5,28,56.51068234,1
a699,40,Propriva,Female,5,28,58.60544816,1
a699,45,Propriva,Female,5,28,62.19141437,1
a788,0,Zoniferol,Male,5,30,45.0,0
a788,5,Zoniferol,Male,5,30,47.00658024,0
a788,10,Zoniferol,Male,5,30,50.15972132,1
a788,15,Zoniferol,Male,5,30,52.53994926,1
a788,20,Zoniferol,Male,5,30,54.06098332,1
a788,25,Zoniferol,Male,5,30,56.7702803,1
a788,30,Zoniferol,Male,5,30,60.41370908,1
a818,0,Naftisol,Female,12,28,45.0,0
a818,5,Naftisol,Female,12,28,45.69670864,0
a818,10,Naftisol,Female,12,28,49.79091948,0
a818,15,Naftisol,Female,12,28,51.22756565,0
a818,20,Naftisol,Female,12,28,54.8346245,0
a818,25,Naftisol,Female,12,28,56.96627332,0
a818,30,Naftisol,Female,12,28,60.07237198,0
a818,35,Naftisol,Female,12,28,63.29854586,0
a818,40,Naftisol,Female,12,28,69.27381374,1
a818,45,Naftisol,Female,12,28,74.99776443,2
a897,0,Placebo,Male,7,28,45.0,0
a897,5,Placebo,Male,7,28,45.69112405,1
a897,10,Placebo,Male,7,28,47.97292708,1
a897,15,Placebo,Male,7,28,52.34308525,2
a897,20,Placebo,Male,7,28,54.59570541,3
a897,25,Placebo,Male,7,28,56.41331977,3
a897,30,Placebo,Male,7,28,59.91693443,3
a897,35,Placebo,Male,7,28,64.0528731,3
a897,40,Placebo,Male,7,28,67.21174279,4
a897,45,Placebo,Male,7,28,72.25596306,4
a963,0,Stelasyn,Female,23,27,45.0,0
a963,5,Stelasyn,Female,23,27,46.23350581,0
a963,10,Stelasyn,Female,23,27,47.15052201,0
a963,15,Stelasyn,Female,23,27,47.83685218,0
a963,20,Stelasyn,Female,23,27,51.46373448,0
a963,25,Stelasyn,Female,23,27,52.12980374,0
a963,30,Stelasyn,Female,23,27,53.40166738,1
a963,35,Stelasyn,Female,23,27,56.81397646,1
a963,40,Stelasyn,Female,23,27,58.46378685,1
a963,45,Stelasyn,Female,23,27,62.76509317,1
b313,0,Zoniferol,Male,12,27,45.0,0
b313,5,Zoniferol,Male,12,27,47.15443254,0
b313,10,Zoniferol,Male,12,27,48.31937218,1
b313,15,Zoniferol,Male,12,27,49.18838735,1
b313,20,Zoniferol,Male,12,27,53.9796797,1
b313,25,Zoniferol,Male,12,27,55.74514628,1
b447,0,Ceftamin,Male,2,30,45.0,0
b487,0,Ceftamin,Female,6,28,45.0,0
b487,5,Ceftamin,Female,6,28,46.21397739,0
b487,10,Ceftamin,Female,6,28,47.6643871,0
b487,15,Ceftamin,Female,6,28,51.68325586,0
b487,20,Ceftamin,Female,6,28,53.42766344,0
b487,25,Ceftamin,Female,6,28,56.05774909,1
b559,0,Naftisol,Male,20,26,45.0,0
b559,5,Naftisol,Male,20,26,47.40989731,0
b559,10,Naftisol,Male,20,26,48.03643202,0
b559,15,Naftisol,Male,20,26,51.37886229,0
b559,20,Naftisol,Male,20,26,55.65445572,1
b559,25,Naftisol,Male,20,26,57.04366929,1
b559,30,Naftisol,Male,20,26,61.19038663,1
b559,35,Naftisol,Male,20,26,65.70576275,1
b559,40,Naftisol,Male,20,26,69.96961645,1
b559,45,Naftisol,Male,20,26,73.05136339,1
b759,0,Ceftamin,Female,12,25,45.0,0
b759,5,Ceftamin,Female,12,25,48.00919049,0
b759,10,Ceftamin,Female,12,25,49.13335499,0
b759,15,Ceftamin,Female,12,25,51.58779906,0
b759,20,Ceftamin,Female,12,25,54.44303502,0
b759,25,Ceftamin,Female,12,25,55.08363235,0
b759,30,Ceftamin,Female,12,25,55.74282869,1
b879,0,Stelasyn,Female,4,26,45.0,0
b879,5,Stelasyn,Female,4,26,49.15615628,1
b879,10,Stelasyn,Female,4,26,50.33894583,1
b879,15,Stelasyn,Female,4,26,51.61838657,1
b879,20,Stelasyn,Female,4,26,53.98343568,1
b879,25,Stelasyn,Female,4,26,56.46998744,2
b879,30,Stelasyn,Female,4,26,60.90761481,2
b879,35,Stelasyn,Female,4,26,64.26088633,2
b879,40,Stelasyn,Female,4,26,67.18912666,2
b879,45,Stelasyn,Female,4,26,72.55523894,2
c139,0,Infubinol,Male,11,28,45.0,0
c139,5,Infubinol,Male,11,28,48.75311208,0
c139,10,Infubinol,Male,11,28,49.99295391,0
c139,15,Infubinol,Male,11,28,51.8332246,0
c139,20,Infubinol,Male,11,28,56.74200681,0
c139,25,Infubinol,Male,11,28,61.46196976,0
c139,30,Infubinol,Male,11,28,64.14987077,1
c139,35,Infubinol,Male,11,28,67.82141969,1
c139,40,Infubinol,Male,11,28,69.42814095,2
c139,45,Infubinol,Male,11,28,72.2267309,2
c264,0,Zoniferol,Female,11,27,45.0,0
c264,5,Zoniferol,Female,11,27,45.79170389,0
c264,10,Zoniferol,Female,11,27,49.02659196,0
c264,15,Zoniferol,Female,11,27,53.66494165,1
c264,20,Zoniferol,Female,11,27,54.5681957,1
c264,25,Zoniferol,Female,11,27,56.96676876,2
c264,30,Zoniferol,Female,11,27,57.82391556,2
c264,35,Zoniferol,Female,11,27,61.07479506,2
c264,40,Zoniferol,Female,11,27,65.70832272,2
c264,45,Zoniferol,Female,11,27,67.94212107,2
c282,0,Placebo,Male,12,27,45.0,0
c282,5,Placebo,Male,12,27,45.72568973,0
c282,10,Placebo,Male,12,27,48.17950638,0
c282,15,Placebo,Male,12,27,49.26607873,0
c282,20,Placebo,Male,12,27,51.95057423,0
c282,25,Placebo,Male,12,27,56.29220039,1
c282,30,Placebo,Male,12,27,59.00590207,1
c282,35,Placebo,Male,12,27,59.88765475,1
c282,40,Placebo,Male,12,27,65.02179944,2
c282,45,Placebo,Male,12,27,65.81516535,2
c302,0,Zoniferol,Female,10,29,45.0,0
c302,5,Zoniferol,Female,10,29,47.69067986,1
c302,10,Zoniferol,Female,10,29,48.53356704,1
c302,15,Zoniferol,Female,10,29,52.71663459,2
c302,20,Zoniferol,Female,10,29,54.08090836,3
c302,25,Zoniferol,Female,10,29,55.07622853,3
c302,30,Zoniferol,Female,10,29,57.41974389,3
c302,35,Zoniferol,Female,10,29,62.23657157,3
c302,40,Zoniferol,Female,10,29,63.28107148,4
c302,45,Zoniferol,Female,10,29,64.57522157,4
c326,0,Infubinol,Female,18,25,45.0,0
c326,5,Infubinol,Female,18,25,36.3213458,0
c402,0,Stelasyn,Female,1,27,45.0,0
c402,5,Stelasyn,Female,1,27,49.3426301,1
c402,10,Stelasyn,Female,1,27,50.56689412,1
c402,15,Stelasyn,Female,1,27,52.23071944,1
c402,20,Stelasyn,Female,1,27,54.88332044,2
c402,25,Stelasyn,Female,1,27,58.26988853,2
c402,30,Stelasyn,Female,1,27,63.74319428,2
c402,35,Stelasyn,Female,1,27,65.8079627,2
c402,40,Stelasyn,Female,1,27,70.22229679,2
c402,45,Stelasyn,Female,1,27,74.04039018,3
c559,0,Zoniferol,Female,19,28,45.0,0
c559,5,Zoniferol,Female,19,28,46.56263793,0
c559,10,Zoniferol,Female,19,28,47.29326012,0
c559,15,Zoniferol,Female,19,28,51.41490358,1
c559,20,Zoniferol,Female,19,28,52.60436695,2
c559,25,Zoniferol,Female,19,28,54.55544168,2
c559,30,Zoniferol,Female,19,28,57.14614388,2
c559,35,Zoniferol,Female,19,28,59.45504074,2
c559,40,Zoniferol,Female,19,28,60.86184431,3
c559,45,Zoniferol,Female,19,28,61.84005842,4
c580,0,Ketapril,Male,22,25,45.0,0
c580,5,Ketapril,Male,22,25,46.6284548,0
c580,10,Ketapril,Male,22,25,47.57017382,1
c580,15,Ketapril,Male,22,25,51.991708,1
c580,20,Ketapril,Male,22,25,55.57532195,2
c580,25,Ketapril,Male,22,25,56.28906231,2
c580,30,Ketapril,Male,22,25,58.04656941,3
c757,0,Placebo,Male,9,27,45.0,0
c757,5,Placebo,Male,9,27,47.78327981,0
c757,10,Placebo,Male,9,27,49.21931669,0
c757,15,Placebo,Male,9,27,51.532603,0
c757,20,Placebo,Male,9,27,52.81863401,1
c757,25,Placebo,Male,9,27,57.10641821,2
c757,30,Placebo,Male,9,27,60.09857184,2
c757,35,Placebo,Male,9,27,64.29116351,2
c757,40,Placebo,Male,9,27,66.60436771,2
c757,45,Placebo,Male,9,27,69.04284082,3
c766,0,Placebo,Female,13,26,45.0,0
c766,5,Placebo,Female,13,26,47.31305537,0
c766,10,Placebo,Female,13,26,49.50027098,1
c766,15,Placebo,Female,13,26,50.59663325,2
c766,20,Placebo,Female,13,26,53.00686463,3
c766,25,Placebo,Female,13,26,58.21462437,3
c766,30,Placebo,Female,13,26,60.2559245,3
c766,35,Placebo,Female,13,26,65.95236791,4
c766,40,Placebo,Female,13,26,67.68529456,4
c766,45,Placebo,Female,13,26,69.82314577,4
c819,0,Ketapril,Male,21,25,45.0,0
c819,5,Ketapril,Male,21,25,45.76924864,1
c819,10,Ketapril,Male,21,25,46.65839527,1
c819,15,Ketapril,Male,21,25,48.37099912,1
c819,20,Ketapril,Male,21,25,49.76241475,1
c819,25,Ketapril,Male,21,25,51.82835706,1
c819,30,Ketapril,Male,21,25,56.0989982,1
c819,35,Ketapril,Male,21,25,57.72953466,1
c819,40,Ketapril,Male,21,25,62.17570465,1
c832,0,Ketapril,Male,18,29,45.0,0
c832,5,Ketapril,Male,18,29,48.68546123,1
c832,10,Ketapril,Male,18,29,49.81141262,1
c832,15,Ketapril,Male,18,29,52.86453449,1
c832,20,Ketapril,Male,18,29,56.71023353,1
c832,25,Ketapril,Male,18,29,58.89181644,2
c832,30,Ketapril,Male,18,29,60.49637579,2
c832,35,Ketapril,Male,18,29,61.12448717,2
c832,40,Ketapril,Male,18,29,62.57231816,2
c832,45,Ketapril,Male,18,29,65.41595451,3
c895,0,Infubinol,Female,7,29,45.0,0
c895,5,Infubinol,Female,7,29,45.47754399,0
c895,10,Infubinol,Female,7,29,49.77901542,0
c895,15,Infubinol,Female,7,29,52.94946474,1
c895,20,Infubinol,Female,7,29,53.6768396,2
c895,25,Infubinol,Female,7,29,57.53419288,2
c895,30,Infubinol,Female,7,29,60.96971133,2
c927,0,Propriva,Female,4,26,45.0,0
c927,5,Propriva,Female,4,26,46.35184205,0
c927,10,Propriva,Female,4,26,50.96529767,1
c927,15,Propriva,Female,4,26,53.26643087,1
c927,20,Propriva,Female,4,26,55.48168922,1
c927,25,Propriva,Female,4,26,56.54551947,2
c927,30,Propriva,Female,4,26,60.7539246,2
c927,35,Propriva,Female,4,26,61.87227365,3
c927,40,Propriva,Female,4,26,64.18322918,4
d133,0,Zoniferol,Male,5,30,45.0,0
d164,0,Zoniferol,Male,21,28,45.0,0
d164,5,Zoniferol,Male,21,28,46.61767061,0
d164,10,Zoniferol,Male,21,28,47.47464468,1
d474,0,Ketapril,Male,18,27,45.0,0
d474,5,Ketapril,Male,18,27,45.91835225,0
d474,10,Ketapril,Male,18,27,46.97496297,0
d474,15,Ketapril,Male,18,27,47.77793584,0
d474,20,Ketapril,Male,18,27,51.73149416,0
d474,25,Ketapril,Male,18,27,54.27932462,0
d474,30,Ketapril,Male,18,27,55.34134157,0
d474,35,Ketapril,Male,18,27,56.47911257,0
d474,40,Ketapril,Male,18,27,60.23373278,1
e213,0,Naftisol,Male,8,27,45.0,0
e213,5,Naftisol,Male,8,27,45.69925018,1
e213,10,Naftisol,Male,8,27,47.3915712,2
e213,15,Naftisol,Male,8,27,51.7916953,2
e213,20,Naftisol,Male,8,27,52.61376289,2
e213,25,Naftisol,Male,8,27,55.22447615,2
e213,30,Naftisol,Male,8,27,56.45872864,3
e213,35,Naftisol,Male,8,27,58.24585435,3
e213,40,Naftisol,Male,8,27,60.23654797,3
e213,45,Naftisol,Male,8,27,63.1056963,4
e227,0,Placebo,Male,1,30,45.0,0
e227,5,Placebo,Male,1,30,47.23801112,0
e227,10,Placebo,Male,1,30,51.34975705,1
e227,15,Placebo,Male,1,30,52.83394196,1
e227,20,Placebo,Male,1,30,56.6075521,1
e227,25,Placebo,Male,1,30,60.60029169,1
e227,30,Placebo,Male,1,30,62.46438515,2
e227,35,Placebo,Male,1,30,66.94912136,3
e227,40,Placebo,Male,1,30,70.7152176,3
e227,45,Placebo,Male,1,30,73.21293851,3
e291,0,Naftisol,Female,14,29,45.0,0
e291,5,Naftisol,Female,14,29,46.14250486,0
e291,10,Naftisol,Female,14,29,48.52974125,1
e291,15,Naftisol,Female,14,29,49.3484262,1
e291,20,Naftisol,Female,14,29,52.53376479,1
e291,25,Naftisol,Female,14,29,55.1389525,2
e476,0,Infubinol,Male,23,26,45.0,0
e476,5,Infubinol,Male,23,26,47.11180113,0
e476,10,Infubinol,Male,23,26,49.43168536,0
e476,15,Infubinol,Male,23,26,54.04621267,0
e476,20,Infubinol,Male,23,26,55.24927296,0
e476,25,Infubinol,Male,23,26,57.408638,0
e476,30,Infubinol,Male,23,26,57.99279743,1
e476,35,Infubinol,Male,23,26,60.0643402,1
e476,40,Infubinol,Male,23,26,61.52527583,1
e476,45,Infubinol,Male,23,26,62.43540402,1
e584,0,Naftisol,Male,9,27,45.0,0
e584,5,Naftisol,Male,9,27,45.6569785,0
e584,10,Naftisol,Male,9,27,47.25064148,0
e584,15,Naftisol,Male,9,27,48.43041053,1
e584,20,Naftisol,Male,9,27,50.34492095,2
e584,25,Naftisol,Male,9,27,51.38641908,2
e584,30,Naftisol,Male,9,27,54.98440767,3
e584,35,Naftisol,Male,9,27,58.08655989,3
e584,40,Naftisol,Male,9,27,62.81687083,4
e584,45,Naftisol,Male,9,27,68.3597767,4
f129,0,Zoniferol,Female,11,29,45.0,0
f129,5,Zoniferol,Female,11,29,47.00059399,0
f129,10,Zoniferol,Female,11,29,48.17971908,1
f129,15,Zoniferol,Female,11,29,49.98830246,1
f234,0,Stelasyn,Male,14,28,45.0,0
f234,5,Stelasyn,Male,14,28,47.31349062,0
f234,10,Stelasyn,Male,14,28,47.90432375,0
f234,15,Stelasyn,Male,14,28,48.73519714,1
f234,20,Stelasyn,Male,14,28,51.11271293,2
f234,25,Stelasyn,Male,14,28,52.17860221,2
f234,30,Stelasyn,Male,14,28,56.87381654,2
f234,35,Stelasyn,Male,14,28,57.74875831,2
f278,0,Ketapril,Male,12,30,45.0,0
f278,5,Ketapril,Male,12,30,48.19457788,0
f345,0,Infubinol,Male,23,26,45.0,0
f345,5,Infubinol,Male,23,26,45.5911466,0
f345,10,Infubinol,Male,23,26,47.22244619,0
f345,15,Infubinol,Male,23,26,48.35223854,0
f345,20,Infubinol,Male,23,26,49.61338303,0
f345,25,Infubinol,Male,23,26,53.0788944,0
f345,30,Infubinol,Male,23,26,54.36379731,1
f345,35,Infubinol,Male,23,26,56.52332726,1
f345,40,Infubinol,Male,23,26,58.3155925,1
f345,45,Infubinol,Male,23,26,60.91876652,1
f394,0,Zoniferol,Male,19,30,45.0,0
f394,5,Zoniferol,Male,19,30,47.03309963,0
f436,0,Ceftamin,Female,3,25,45.0,0
f436,5,Ceftamin,Female,3,25,46.37079759,1
f436,10,Ceftamin,Female,3,25,48.14697758,2
f436,15,Ceftamin,Female,3,25,48.72207785,2
f545,0,Zoniferol,Female,20,26,45.0,0
f545,5,Zoniferol,Female,20,26,46.56581263,0
f545,10,Zoniferol,Female,20,26,51.07251225,0
f545,15,Zoniferol,Female,20,26,53.94554429,1
f545,20,Zoniferol,Female,20,26,58.84118888,1
f545,25,Zoniferol,Female,20,26,60.25348139,1
f545,30,Zoniferol,Female,20,26,65.89398607,1
f545,35,Zoniferol,Female,20,26,66.74292417,1
f545,40,Zoniferol,Female,20,26,71.10811835,1
f545,45,Zoniferol,Female,20,26,73.32443228,1
f932,0,Ketapril,Male,15,29,45.0,0
f993,0,Naftisol,Male,21,28,45.0,0
f993,5,Naftisol,Male,21,28,46.39575966,0
f993,10,Naftisol,Male,21,28,48.18537323,0
f993,15,Naftisol,Male,21,28,49.10697473,1
f993,20,Naftisol,Male,21,28,52.07951009,1
g107,0,Ketapril,Female,2,29,45.0,0
g107,5,Ketapril,Female,2,29,48.79166496,0
g107,10,Ketapril,Female,2,29,53.43598668,0
g107,15,Ketapril,Female,2,29,58.13554485,0
g107,20,Ketapril,Female,2,29,62.70603145,0
g107,25,Ketapril,Female,2,29,64.66362579,0
g107,30,Ketapril,Female,2,29,69.16051982,0
g107,35,Ketapril,Female,2,29,71.90511721,0
g296,0,Zoniferol,Female,14,29,45.0,0
g296,5,Zoniferol,Female,14,29,46.59323337,0
g296,10,Zoniferol,Female,14,29,48.26950861,0
g296,15,Zoniferol,Female,14,29,49.65324404,1
g296,20,Zoniferol,Female,14,29,51.4471183,2
g296,25,Zoniferol,Female,14,29,55.6701066,3
g296,30,Zoniferol,Female,14,29,57.99770642,3
g296,35,Zoniferol,Female,14,29,60.38451978,4
g296,40,Zoniferol,Female,14,29,62.22191493,4
g296,45,Zoniferol,Female,14,29,68.16319517,4
g497,0,Ketapril,Male,19,28,45.0,0
g497,5,Ketapril,Male,19,28,48.78206878,0
g497,10,Ketapril,Male,19,28,49.6470865,0
g497,15,Ketapril,Male,19,28,53.64616804,1
g497,20,Ketapril,Male,19,28,55.09699356,1
g497,25,Ketapril,Male,19,28,57.52444611,2
g497,30,Ketapril,Male,19,28,61.108186,2
g497,35,Ketapril,Male,19,28,64.0948893,2
g497,40,Ketapril,Male,19,28,67.74281406,2
g497,45,Ketapril,Male,19,28,69.87225079,2
g558,0,Propriva,Male,8,29,45.0,0
g558,5,Propriva,Male,8,29,46.18874193,0
g558,10,Propriva,Male,8,29,50.09475382,0
g558,15,Propriva,Male,8,29,51.007258,0
g558,20,Propriva,Male,8,29,55.09009691,1
g558,25,Propriva,Male,8,29,55.75408257,2
g558,30,Propriva,Male,8,29,58.95282911,3
g558,35,Propriva,Male,8,29,60.86215883,4
g558,40,Propriva,Male,8,29,61.77496268,4
g570,0,Propriva,Male,16,29,45.0,0
g570,5,Propriva,Male,16,29,47.65642436,1
g570,10,Propriva,Male,16,29,49.18823167,1
g570,15,Propriva,Male,16,29,52.6826954,1
g570,20,Propriva,Male,16,29,54.64329541,1
g570,25,Propriva,Male,16,29,56.8494056,1
g570,30,Propriva,Male,16,29,60.32871705,1
g570,35,Propriva,Male,16,29,62.3304204,2
g570,40,Propriva,Male,16,29,68.52585616,2
g570,45,Propriva,Male,16,29,70.49278763,2
g867,0,Stelasyn,Female,9,25,45.0,0
g867,5,Stelasyn,Female,9,25,46.88074916,0
g867,10,Stelasyn,Female,9,25,48.18340167,0
g867,15,Stelasyn,Female,9,25,51.06041924,1
h246,0,Ketapril,Male,13,30,45.0,0
h246,5,Ketapril,Male,13,30,49.47041702,0
h246,10,Ketapril,Male,13,30,51.36886216,1
h246,15,Ketapril,Male,13,30,56.18432701,1
h246,20,Ketapril,Male,13,30,57.93591218,1
h246,25,Ketapril,Male,13,30,59.5488537,1
h246,30,Ketapril,Male,13,30,63.59960954,1
h246,35,Ketapril,Male,13,30,67.2112701,2
h246,40,Ketapril,Male,13,30,71.15083468,2
h246,45,Ketapril,Male,13,30,74.10408567,2
h333,0,Stelasyn,Male,21,27,45.0,0
h333,5,Stelasyn,Male,21,27,45.75172728,0
h333,10,Stelasyn,Male,21,27,46.23384414,1
h333,15,Stelasyn,Male,21,27,50.69260358,2
h333,20,Stelasyn,Male,21,27,51.99780618,2
h333,25,Stelasyn,Male,21,27,53.73091434,2
h333,30,Stelasyn,Male,21,27,55.45528975,2
h428,0,Ketapril,Female,1,27,45.0,0
h531,0,Ceftamin,Male,5,27,45.0,0
h531,5,Ceftamin,Male,5,27,47.7846818,0
i386,0,Infubinol,Female,23,29,45.0,0
i386,5,Infubinol,Female,23,29,46.85369669,1
i386,10,Infubinol,Female,23,29,49.86154739,2
i386,15,Infubinol,Female,23,29,51.73656088,2
i386,20,Infubinol,Female,23,29,55.08772445,2
i386,25,Infubinol,Female,23,29,56.68786392,3
i386,30,Infubinol,Female,23,29,59.13364029,3
i386,35,Infubinol,Female,23,29,64.92542037,3
i386,40,Infubinol,Female,23,29,67.28962147,4
i477,0,Placebo,Female,3,30,45.0,0
i477,5,Placebo,Female,3,30,46.65738471,0
i477,10,Placebo,Female,3,30,47.52063206,0
i635,0,Propriva,Male,21,26,45.0,0
i635,5,Propriva,Male,21,26,47.23593715,0
i635,10,Propriva,Male,21,26,48.68575605,1
i635,15,Propriva,Male,21,26,49.53689775,1
i635,20,Propriva,Male,21,26,51.87706189,1
i635,25,Propriva,Male,21,26,52.92882323,1
i635,30,Propriva,Male,21,26,53.5970382,2
i635,35,Propriva,Male,21,26,55.67999656,2
i635,40,Propriva,Male,21,26,56.84243514,3
i635,45,Propriva,Male,21,26,58.63340414,3
i669,0,Placebo,Female,18,27,45.0,0
i669,5,Placebo,Female,18,27,46.76466824,1
i669,10,Placebo,Female,18,27,48.2816334,1
i669,15,Placebo,Female,18,27,48.8576007,1
i669,20,Placebo,Female,18,27,50.87369027,1
i669,25,Placebo,Female,18,27,53.30318455,2
i901,0,Stelasyn,Male,23,29,45.0,0
i901,5,Stelasyn,Male,23,29,46.49302392,0
i901,10,Stelasyn,Male,23,29,50.42124982,0
i901,15,Stelasyn,Male,23,29,51.41964239,0
i901,20,Stelasyn,Male,23,29,55.97440502,0
i901,25,Stelasyn,Male,23,29,56.575195,0
i901,30,Stelasyn,Male,23,29,60.59185755,0
i901,35,Stelasyn,Male,23,29,62.12733561,0
i901,40,Stelasyn,Male,23,29,64.30345451,0
i901,45,Stelasyn,Male,23,29,65.34181087,0
j235,0,Placebo,Male,6,30,45.0,0
j235,5,Placebo,Male,6,30,46.58881978,0
j235,10,Placebo,Male,6,30,48.01878792,1
j235,15,Placebo,Male,6,30,51.16113815,1
j235,20,Placebo,Male,6,30,52.94290169,1
j296,0,Ceftamin,Female,24,30,45.0,0
j296,5,Ceftamin,Female,24,30,46.79925591,1
j296,10,Ceftamin,Female,24,30,48.52997762,2
j296,15,Ceftamin,Female,24,30,50.70127959,2
j296,20,Ceftamin,Female,24,30,54.00534209,3
j296,25,Ceftamin,Female,24,30,55.76714817,3
j296,30,Ceftamin,Female,24,30,56.80306121,3
j296,35,Ceftamin,Female,24,30,58.71448296,3
j296,40,Ceftamin,Female,24,30,60.07268848,3
j296,45,Ceftamin,Female,24,30,61.84902336,3
j365,0,Zoniferol,Male,24,28,45.0,0
j365,5,Zoniferol,Male,24,28,46.7112611,0
j365,10,Zoniferol,Male,24,28,48.34932028,0
j365,15,Zoniferol,Male,24,28,49.58826336,0
j365,20,Zoniferol,Male,24,28,50.93935278,1
j365,25,Zoniferol,Male,24,28,51.8103204,1
j365,30,Zoniferol,Male,24,28,54.40488176,1
j365,35,Zoniferol,Male,24,28,56.96120016,2
j365,40,Zoniferol,Male,24,28,62.32717066,2
j365,45,Zoniferol,Male,24,28,64.29408493,2
j755,0,Naftisol,Male,23,27,45.0,0
j755,5,Naftisol,Male,23,27,47.24284357,0
j755,10,Naftisol,Male,23,27,48.16706083,0
j755,15,Naftisol,Male,23,27,51.45397391,0
j755,20,Naftisol,Male,23,27,55.49660753,1
j755,25,Naftisol,Male,23,27,58.05581822,1
j755,30,Naftisol,Male,23,27,60.00720978,1
j755,35,Naftisol,Male,23,27,62.7328576,1
j755,40,Naftisol,Male,23,27,67.2077103,1
j755,45,Naftisol,Male,23,27,69.56362076,1
j984,0,Stelasyn,Female,2,30,45.0,0
j984,5,Stelasyn,Female,2,30,48.41072109,1
j984,10,Stelasyn,Female,2,30,50.14108401,1
j984,15,Stelasyn,Female,2,30,51.16675687,1
j984,20,Stelasyn,Female,2,30,54.37251567,1
j984,25,Stelasyn,Female,2,30,57.06435479,1
j984,30,Stelasyn,Female,2,30,61.24050573,1
j984,35,Stelasyn,Female,2,30,64.05539896,1
j984,40,Stelasyn,Female,2,30,67.77708036,1
j984,45,Stelasyn,Female,2,30,70.65383162,1
k210,0,Ceftamin,Male,15,28,45.0,0
k210,5,Ceftamin,Male,15,28,47.91899771,0
k210,10,Ceftamin,Male,15,28,49.37993231,0
k210,15,Ceftamin,Male,15,28,51.07355752,0
k210,20,Ceftamin,Male,15,28,51.99761855,0
k210,25,Ceftamin,Male,15,28,54.61397279,0
k210,30,Ceftamin,Male,15,28,59.98950976,1
k210,35,Ceftamin,Male,15,28,63.32933023,1
k210,40,Ceftamin,Male,15,28,66.62283628,2
k210,45,Ceftamin,Male,15,28,68.92318457,3
k382,0,Ketapril,Male,22,29,45.0,0
k382,5,Ketapril,Male,22,29,46.27499735,1
k382,10,Ketapril,Male,22,29,50.18096763,1
k382,15,Ketapril,Male,22,29,54.42916821,1
k382,20,Ketapril,Male,22,29,57.82435071,2
k382,25,Ketapril,Male,22,29,59.50390392,3
k382,30,Ketapril,Male,22,29,63.46944155,4
k382,35,Ketapril,Male,22,29,66.07918483,4
k382,40,Ketapril,Male,22,29,67.42095521,4
k382,45,Ketapril,Male,22,29,73.715619,4
k483,0,Infubinol,Female,20,30,45.0,0
k483,5,Infubinol,Female,20,30,46.61105571,0
k483,10,Infubinol,Female,20,30,50.29604123,1
k483,15,Infubinol,Female,20,30,53.24445813,1
k483,20,Infubinol,Female,20,30,54.77896052,1
k483,25,Infubinol,Female,20,30,57.43200731,2
k483,30,Infubinol,Female,20,30,59.74707708,2
k483,35,Infubinol,Female,20,30,60.54156159,2
k483,40,Infubinol,Female,20,30,64.13872489,3
k483,45,Infubinol,Female,20,30,66.19691151,3
k510,0,Stelasyn,Female,8,27,45.0,0
k510,5,Stelasyn,Female,8,27,46.6084671,0
k510,10,Stelasyn,Female,8,27,47.6582498,1
k510,15,Stelasyn,Female,8,27,49.6870517,1
k510,20,Stelasyn,Female,8,27,52.10557382,1
k603,0,Propriva,Male,2,27,45.0,0
k603,5,Propriva,Male,2,27,46.04211582,0
k603,10,Propriva,Male,2,27,46.60694676,0
k603,15,Propriva,Male,2,27,48.7752855,0
k603,20,Propriva,Male,2,27,50.18010935,0
k754,0,Zoniferol,Female,8,26,45.0,0
k754,5,Zoniferol,Female,8,26,45.7277604,0
k754,10,Zoniferol,Female,8,26,49.74611666,0
k754,15,Zoniferol,Female,8,26,51.32356994,0
k754,20,Zoniferol,Female,8,26,52.69342276,1
k804,0,Infubinol,Female,23,29,45.0,0
k804,5,Infubinol,Female,23,29,48.26620364,0
k804,10,Infubinol,Female,23,29,49.47124419,0
k804,15,Infubinol,Female,23,29,50.47761824,0
k804,20,Infubinol,Female,23,29,54.48451945,0
k804,25,Infubinol,Female,23,29,55.67480798,1
k804,30,Infubinol,Female,23,29,59.24061511,2
k804,35,Infubinol,Female,23,29,62.11727887,2
k862,0,Stelasyn,Female,13,25,45.0,0
k862,5,Stelasyn,Female,13,25,49.20305786,0
k862,10,Stelasyn,Female,13,25,50.52355007,1
k862,15,Stelasyn,Female,13,25,54.47453362,1
k862,20,Stelasyn,Female,13,25,57.05784818,1
k862,25,Stelasyn,Female,13,25,58.7192973,2
k862,30,Stelasyn,Female,13,25,60.60543979,3
k862,35,Stelasyn,Female,13,25,66.58072244,3
k862,40,Stelasyn,Female,13,25,67.57134128,4
k862,45,Stelasyn,Female,13,25,69.29914907,4
k894,0,Zoniferol,Female,13,29,45.0,0
k894,5,Zoniferol,Female,13,29,47.64568674,0
k894,10,Zoniferol,Female,13,29,49.27287011,1
k894,15,Zoniferol,Female,13,29,49.9877657,1
k894,20,Zoniferol,Female,13,29,50.98163936,1
k894,25,Zoniferol,Female,13,29,52.32583833,2
k894,30,Zoniferol,Female,13,29,54.40012279,3
k894,35,Zoniferol,Female,13,29,55.36266238,4
k894,40,Zoniferol,Female,13,29,58.64705616,4
k894,45,Zoniferol,Female,13,29,60.75270417,4
l215,0,Propriva,Male,10,29,45.0,0
l215,5,Propriva,Male,10,29,49.48194935,1
l215,10,Propriva,Male,10,29,53.6539696,1
l264,0,Ketapril,Female,15,30,45.0,0
l264,5,Ketapril,Female,15,30,46.66876646,0
l264,10,Ketapril,Female,15,30,50.65958094,0
l471,0,Ceftamin,Female,7,28,45.0,0
l471,5,Ceftamin,Female,7,28,46.25187204,0
l471,10,Ceftamin,Female,7,28,48.18206306,0
l471,15,Ceftamin,Female,7,28,49.40687901,0
l471,20,Ceftamin,Female,7,28,52.22832698,0
l471,25,Ceftamin,Female,7,28,52.84755893,1
l471,30,Ceftamin,Female,7,28,58.09360446,1
l471,35,Ceftamin,Female,7,28,61.40599916,1
l471,40,Ceftamin,Female,7,28,63.84485785,1
l471,45,Ceftamin,Female,7,28,67.74866174,1
l490,0,Ceftamin,Male,24,26,45.0,0
l490,5,Ceftamin,Male,24,26,45.61253918,1
l490,10,Ceftamin,Male,24,26,47.25960594,1
l490,15,Ceftamin,Male,24,26,50.52481268,1
l490,20,Ceftamin,Male,24,26,51.90544699,1
l490,25,Ceftamin,Male,24,26,55.81003359,2
l490,30,Ceftamin,Male,24,26,57.91838132,3
l558,0,Ceftamin,Female,13,30,45.0,0
l558,5,Ceftamin,Female,13,30,45.80908882,0
l558,10,Ceftamin,Female,13,30,46.78453491,0
l661,0,Ceftamin,Male,18,26,45.0,0
l661,5,Ceftamin,Male,18,26,46.26879904,0
l661,10,Ceftamin,Male,18,26,49.68361956,0
l661,15,Ceftamin,Male,18,26,50.94754484,1
l661,20,Ceftamin,Male,18,26,52.61749003,1
l661,25,Ceftamin,Male,18,26,53.18065678,2
l661,30,Ceftamin,Male,18,26,55.32909936,2
l661,35,Ceftamin,Male,18,26,56.47412871,2
l661,40,Ceftamin,Male,18,26,59.20566876,3
l661,45,Ceftamin,Male,18,26,59.85195552,3
l700,0,Naftisol,Female,18,27,45.0,0
l700,5,Naftisol,Female,18,27,45.91837165,0
l700,10,Naftisol,Female,18,27,47.01356652,1
l700,15,Naftisol,Female,18,27,49.04022529,1
l700,20,Naftisol,Female,18,27,50.73476811,1
l700,25,Naftisol,Female,18,27,54.23450181,1
l700,30,Naftisol,Female,18,27,56.653215,1
l700,35,Naftisol,Female,18,27,61.46260354,1
l700,40,Naftisol,Female,18,27,62.98667798,1
l700,45,Naftisol,Female,18,27,63.94664044,1
l725,0,Naftisol,Female,8,26,45.0,0
l725,5,Naftisol,Female,8,26,48.73631881,1
l725,10,Naftisol,Female,8,26,50.82391154,2
l725,15,Naftisol,Female,8,26,54.24456268,2
l725,20,Naftisol,Female,8,26,59.6151548,2
l725,25,Naftisol,Female,8,26,65.00882889,2
l725,30,Naftisol,Female,8,26,66.59954515,3
l725,35,Naftisol,Female,8,26,69.12570173,3
l725,40,Naftisol,Female,8,26,73.69349382,3
l725,45,Naftisol,Female,8,26,76.66881742,3
l733,0,Ceftamin,Female,4,30,45.0,0
l733,5,Ceftamin,Female,4,30,46.17422627,0
l733,10,Ceftamin,Female,4,30,48.35495154,0
l733,15,Ceftamin,Female,4,30,49.28519504,0
l733,20,Ceftamin,Female,4,30,53.24431157,1
l733,25,Ceftamin,Female,4,30,54.95166826,1
l733,30,Ceftamin,Female,4,30,56.31906537,1
l733,35,Ceftamin,Female,4,30,57.60079774,1
l733,40,Ceftamin,Female,4,30,59.4435065,1
l733,45,Ceftamin,Female,4,30,64.29983003,1
l872,0,Placebo,Male,19,30,45.0,0
m133,0,Naftisol,Female,2,26,45.0,0
m133,5,Naftisol,Female,2,26,46.62130127,0
m133,10,Naftisol,Female,2,26,47.50333803,0
m133,15,Naftisol,Female,2,26,48.6652074,1
m133,20,Naftisol,Female,2,26,52.63688249,1
m133,25,Naftisol,Female,2,26,54.08243662,2
m269,0,Stelasyn,Female,22,28,45.0,0
m269,5,Stelasyn,Female,22,28,49.0111801,0
m269,10,Stelasyn,Female,22,28,50.86013006,0
m269,15,Stelasyn,Female,22,28,55.9053436,0
m269,20,Stelasyn,Female,22,28,61.14586638,0
m269,25,Stelasyn,Female,22,28,64.89301976,0
m269,30,Stelasyn,Female,22,28,67.71250988,1
m269,35,Stelasyn,Female,22,28,68.68991735,1
m269,40,Stelasyn,Female,22,28,70.21464419,1
m269,45,Stelasyn,Female,22,28,75.12368955,1
m331,0,Zoniferol,Female,19,26,45.0,0
m331,5,Zoniferol,Female,19,26,45.52301371,1
m331,10,Zoniferol,Female,19,26,47.64687735,1
m331,15,Zoniferol,Female,19,26,52.11008758,1
m550,0,Ketapril,Male,18,28,45.0,0
m550,5,Ketapril,Male,18,28,49.05409736,1
m550,10,Ketapril,Male,18,28,50.54803457,2
m550,15,Ketapril,Male,18,28,51.16606544,3
m550,20,Ketapril,Male,18,28,53.75794476,3
m550,25,Ketapril,Male,18,28,57.62068237,4
m550,30,Ketapril,Male,18,28,60.85654272,4
m550,35,Ketapril,Male,18,28,62.53915386,4
m550,40,Ketapril,Male,18,28,68.21072019,4
m550,45,Ketapril,Male,18,28,69.25350312,4
m650,0,Ketapril,Male,15,27,45.0,0
m650,5,Ketapril,Male,15,27,48.56249492,1
m650,10,Ketapril,Male,15,27,50.96899763,1
m650,15,Ketapril,Male,15,27,53.14955933,1
m650,20,Ketapril,Male,15,27,56.7779388,2
m650,25,Ketapril,Male,15,27,62.2535969,2
m650,30,Ketapril,Male,15,27,64.90188755,3
m650,35,Ketapril,Male,15,27,69.26574681,4
m650,40,Ketapril,Male,15,27,70.79706787,4
m650,45,Ketapril,Male,15,27,73.90139912,4
m756,0,Infubinol,Male,19,30,45.0,0
m756,5,Infubinol,Male,19,30,47.01036401,1
n304,0,Naftisol,Male,9,26,45.0,0
n304,5,Naftisol,Male,9,26,46.43121629,0
n304,10,Naftisol,Male,9,26,47.20125097,0
n304,15,Naftisol,Male,9,26,48.47797895,0
n304,20,Naftisol,Male,9,26,49.25330863,1
n304,25,Naftisol,Male,9,26,53.97085924,2
n304,30,Naftisol,Male,9,26,55.03901985,3
n304,35,Naftisol,Male,9,26,57.12241926,4
n304,40,Naftisol,Male,9,26,59.83050667,4
n304,45,Naftisol,Male,9,26,63.58639514,4
n482,0,Propriva,Female,4,29,45.0,0
n630,0,Propriva,Female,15,29,45.0,0
n630,5,Propriva,Female,15,29,46.09909969,0
n671,0,Infubinol,Male,18,25,45.0,0
n671,5,Infubinol,Male,18,25,47.35388938,0
n671,10,Infubinol,Male,18,25,51.03935653,0
n671,15,Infubinol,Male,18,25,54.21606411,0
n671,20,Infubinol,Male,18,25,54.82252091,0
n671,25,Infubinol,Male,18,25,56.17445785,0
n671,30,Infubinol,Male,18,25,60.16518046,0
n678,0,Propriva,Male,5,29,45.0,0
n678,5,Propriva,Male,5,29,47.55428429,0
n678,10,Propriva,Male,5,29,49.14570866,1
n763,0,Placebo,Female,16,25,45.0,0
n763,5,Placebo,Female,16,25,46.08598142,0
n763,10,Placebo,Female,16,25,46.81731526,1
n763,15,Placebo,Female,16,25,47.79809961,1
n763,20,Placebo,Female,16,25,49.25812581,1
n763,25,Placebo,Female,16,25,53.40587053,2
n763,30,Placebo,Female,16,25,55.41365961,3
n763,35,Placebo,Female,16,25,57.38241296,3
n763,40,Placebo,Female,16,25,58.01114583,4
n923,0,Ketapril,Male,19,30,45.0,0
n923,5,Ketapril,Male,19,30,45.82488099,0
n923,10,Ketapril,Male,19,30,48.79194986,1
n923,15,Ketapril,Male,19,30,51.73870623,1
n923,20,Ketapril,Male,19,30,52.59920611,1
n923,25,Ketapril,Male,19,30,56.85546498,2
n923,30,Ketapril,Male,19,30,59.63256052,3
n923,35,Ketapril,Male,19,30,60.35629432,3
n923,40,Ketapril,Male,19,30,66.22960554,3
n967,0,Zoniferol,Male,11,27,45.0,0
n967,5,Zoniferol,Male,11,27,46.07719173,1
n967,10,Zoniferol,Male,11,27,47.47172327,1
n967,15,Zoniferol,Male,11,27,49.82500362,1
o287,0,Ceftamin,Male,2,28,45.0,0
o287,5,Ceftamin,Male,2,28,45.58680362,0
o287,10,Ceftamin,Male,2,28,47.36020084,1
o287,15,Ceftamin,Male,2,28,48.67945261,1
o287,20,Ceftamin,Male,2,28,50.85614078,2
o287,25,Ceftamin,Male,2,28,52.06848642,3
o287,30,Ceftamin,Male,2,28,54.50300122,3
o287,35,Ceftamin,Male,2,28,55.11829029,4
o287,40,Ceftamin,Male,2,28,57.1971929,4
o287,45,Ceftamin,Male,2,28,59.74190064,4
o302,0,Placebo,Female,2,29,45.0,0
o302,5,Placebo,Female,2,29,48.93701188,0
o302,10,Placebo,Female,2,29,49.70144989,0
o302,15,Placebo,Female,2,29,51.38148886,0
o302,20,Placebo,Female,2,29,56.17761143,0
o302,25,Placebo,Female,2,29,60.51710253,0
o302,30,Placebo,Female,2,29,62.03059364,1
o331,0,Ketapril,Male,24,30,45.0,0
o331,5,Ketapril,Male,24,30,47.05966408,1
o331,10,Ketapril,Male,24,30,50.12845481,1
o331,15,Ketapril,Male,24,30,54.78976769,1
o331,20,Ketapril,Male,24,30,58.96572043,1
o331,25,Ketapril,Male,24,30,61.10230575,1
o331,30,Ketapril,Male,24,30,66.33066347,1
o331,35,Ketapril,Male,24,30,70.12623754,2
o331,40,Ketapril,Male,24,30,71.44774251,3
o331,45,Ketapril,Male,24,30,78.56701362,4
o523,0,Propriva,Female,6,25,45.0,0
o523,5,Propriva,Female,6,25,45.54470008,0
o523,10,Propriva,Female,6,25,47.0810859,1
o562,0,Propriva,Female,4,25,45.0,0
o562,5,Propriva,Female,4,25,46.51495016,1
o562,10,Propriva,Female,4,25,47.14767002,1
o562,15,Propriva,Female,4,25,51.50508551,1
o562,20,Propriva,Female,4,25,53.61686347,1
o562,25,Propriva,Female,4,25,54.74273316,1
o562,30,Propriva,Female,4,25,59.65352453,1
o562,35,Propriva,Female,4,25,65.36076742,1
o562,40,Propriva,Female,4,25,71.17246321,1
o562,45,Propriva,Female,4,25,72.45542116,2
o725,0,Naftisol,Male,4,26,45.0,0
o725,5,Naftisol,Male,4,26,46.88982098,0
o725,10,Naftisol,Male,4,26,48.199452,0
o725,15,Naftisol,Male,4,26,50.01507902,1
o795,0,Placebo,Female,20,26,45.0,0
o795,5,Placebo,Female,20,26,46.76092721,1
o795,10,Placebo,Female,20,26,51.1237037,1
o795,15,Placebo,Female,20,26,55.88633793,2
o795,20,Placebo,Female,20,26,60.61005916,3
o795,25,Placebo,Female,20,26,65.74177723,4
o795,30,Placebo,Female,20,26,68.21706974,4
o795,35,Placebo,Female,20,26,69.08509415,4
o795,40,Placebo,Female,20,26,70.26647887,4
o795,45,Placebo,Female,20,26,73.05945435,4
o809,0,Infubinol,Male,3,25,45.0,0
o809,5,Infubinol,Male,3,25,46.87724316,0
o809,10,Infubinol,Male,3,25,48.6707318,0
o809,15,Infubinol,Male,3,25,49.68344504,1
o809,20,Infubinol,Male,3,25,50.33655288,1
o809,25,Infubinol,Male,3,25,52.31817407,1
o809,30,Infubinol,Male,3,25,54.8326288,1
o809,35,Infubinol,Male,3,25,55.62942846,1
o813,0,Infubinol,Male,24,28,45.0,0
o813,5,Infubinol,Male,24,28,45.69933088,0
o848,0,Stelasyn,Female,14,27,45.0,0
o926,0,Zoniferol,Male,15,29,45.0,0
o926,5,Zoniferol,Male,15,29,46.76116373,0
o926,10,Zoniferol,Male,15,29,47.56567364,1
o926,15,Zoniferol,Male,15,29,48.25424839,1
o926,20,Zoniferol,Male,15,29,51.82663825,2
o926,25,Zoniferol,Male,15,29,54.76333852,3
o926,30,Zoniferol,Male,15,29,56.91739838,3
o926,35,Zoniferol,Male,15,29,58.59399318,3
o926,40,Zoniferol,Male,15,29,59.90304448,3
o926,45,Zoniferol,Male,15,29,62.32796606,4
o973,0,Ketapril,Female,11,29,45.0,0
o973,5,Ketapril,Female,11,29,46.71787727,0
o973,10,Ketapril,Female,11,29,48.24579043,0
o973,15,Ketapril,Female,11,29,49.87193582,0
o973,20,Ketapril,Female,11,29,51.9569931,1
o973,25,Ketapril,Female,11,29,53.17981471,1
o973,30,Ketapril,Female,11,29,57.76995952,1
o973,35,Ketapril,Female,11,29,60.24221931,1
o973,40,Ketapril,Female,11,29,64.48781246,2
p136,0,Zoniferol,Female,5,28,45.0,0
p136,5,Zoniferol,Female,5,28,49.27397096,0
p136,10,Zoniferol,Female,5,28,50.90789028,0
p136,15,Zoniferol,Female,5,28,51.99141616,1
p136,20,Zoniferol,Female,5,28,54.91379857,1
p136,25,Zoniferol,Female,5,28,56.28147652,1
p136,30,Zoniferol,Female,5,28,57.05280546,1
p136,35,Zoniferol,Female,5,28,57.63078195,1
p136,40,Zoniferol,Female,5,28,61.38024887,1
p136,45,Zoniferol,Female,5,28,63.48869678,2
p189,0,Ketapril,Male,8,28,45.0,0
p189,5,Ketapril,Male,8,28,49.04870704,1
p189,10,Ketapril,Male,8,28,51.58216168,2
p189,15,Ketapril,Male,8,28,53.6755415,2
p189,20,Ketapril,Male,8,28,56.53020447,3
p189,25,Ketapril,Male,8,28,62.10895956,3
p189,30,Ketapril,Male,8,28,67.10453665,4
p189,35,Ketapril,Male,8,28,67.87377675,4
p189,40,Ketapril,Male,8,28,74.10609077,4
p189,45,Ketapril,Male,8,28,75.2949359,4
p310,0,Propriva,Male,6,26,45.0,0
p310,5,Propriva,Male,6,26,46.55853236,1
p310,10,Propriva,Male,6,26,48.66560668,1
p310,15,Propriva,Male,6,26,49.77074144,1
p310,20,Propriva,Male,6,26,54.20518054,1
p310,25,Propriva,Male,6,26,55.34183416,2
p387,0,Stelasyn,Male,3,30,45.0,0
p387,5,Stelasyn,Male,3,30,48.66763075,0
p387,10,Stelasyn,Male,3,30,53.36296294,0
p387,15,Stelasyn,Male,3,30,55.25138033,0
p387,20,Stelasyn,Male,3,30,56.5876168,0
p387,25,Stelasyn,Male,3,30,58.09848946,0
p387,30,Stelasyn,Male,3,30,63.26924552,0
p387,35,Stelasyn,Male,3,30,66.4922038,1
p387,40,Stelasyn,Male,3,30,69.03887618,1
p438,0,Ceftamin,Female,11,26,45.0,0
p438,5,Ceftamin,Female,11,26,46.82793418,0
p438,10,Ceftamin,Female,11,26,50.51749789,0
p438,15,Ceftamin,Female,11,26,52.19836818,0
p438,20,Ceftamin,Female,11,26,52.90529861,0
p438,25,Ceftamin,Female,11,26,54.51057493,0
p438,30,Ceftamin,Female,11,26,56.40642173,0
p438,35,Ceftamin,Female,11,26,57.53855546,1
p438,40,Ceftamin,Female,11,26,59.30528806,1
p438,45,Ceftamin,Female,11,26,61.43389223,1
p981,0,Stelasyn,Male,20,29,45.0,0
p981,5,Stelasyn,Male,20,29,47.00062717,0
p981,10,Stelasyn,Male,20,29,47.54584585,0
p981,15,Stelasyn,Male,20,29,49.65770973,0
p981,20,Stelasyn,Male,20,29,50.35806947,0
p981,25,Stelasyn,Male,20,29,52.5447048,1
p981,30,Stelasyn,Male,20,29,56.33910432,1
p981,35,Stelasyn,Male,20,29,59.13102297,1
q119,0,Ketapril,Male,17,30,45.0,0
q119,5,Ketapril,Male,17,30,47.86444,0
q119,10,Ketapril,Male,17,30,51.23660557,0
q132,0,Infubinol,Female,1,30,45.0,0
q132,5,Infubinol,Female,1,30,46.7163985,1
q132,10,Infubinol,Female,1,30,47.95384377,2
q132,15,Infubinol,Female,1,30,49.15974862,3
q132,20,Infubinol,Female,1,30,51.90902494,4
q132,25,Infubinol,Female,1,30,52.7804893,4
q132,30,Infubinol,Female,1,30,54.65654872,4
q483,0,Ceftamin,Male,6,26,45.0,0
q483,5,Ceftamin,Male,6,26,46.77681624,1
q483,10,Ceftamin,Male,6,26,47.8391005,1
q483,15,Ceftamin,Male,6,26,48.4684826,1
q483,20,Ceftamin,Male,6,26,50.2398558,1
q483,25,Ceftamin,Male,6,26,52.43006649,1
q483,30,Ceftamin,Male,6,26,54.95222585,1
q483,35,Ceftamin,Male,6,26,59.25348433,1
q483,40,Ceftamin,Male,6,26,64.19234114,1
q511,0,Zoniferol,Female,2,28,45.0,0
q511,5,Zoniferol,Female,2,28,45.83265378,0
q511,10,Zoniferol,Female,2,28,50.31164687,0
q511,15,Zoniferol,Female,2,28,52.13308139,0
q511,20,Zoniferol,Female,2,28,52.67271205,0
q511,25,Zoniferol,Female,2,28,57.25758287,0
q511,30,Zoniferol,Female,2,28,59.3643535,1
q511,35,Zoniferol,Female,2,28,60.83866059,1
q511,40,Zoniferol,Female,2,28,63.19442807,2
q511,45,Zoniferol,Female,2,28,68.61106075,3
q582,0,Placebo,Male,5,30,45.0,0
q582,5,Placebo,Male,5,30,45.95539895,1
q582,10,Placebo,Male,5,30,47.01357514,1
q582,15,Placebo,Male,5,30,48.32264018,2
q582,20,Placebo,Male,5,30,51.18597648,2
q582,25,Placebo,Male,5,30,51.96821056,2
q582,30,Placebo,Male,5,30,52.6488935,2
q582,35,Placebo,Male,5,30,53.71315792,2
q633,0,Zoniferol,Male,12,25,45.0,0
q633,5,Zoniferol,Male,12,25,47.18380215,0
q633,10,Zoniferol,Male,12,25,49.00186559,0
q633,15,Zoniferol,Male,12,25,50.5835573,1
q633,20,Zoniferol,Male,12,25,53.28728681,1
q633,25,Zoniferol,Male,12,25,55.6831017,1
q633,30,Zoniferol,Male,12,25,58.05725257,1
q633,35,Zoniferol,Male,12,25,63.1256593,1
q633,40,Zoniferol,Male,12,25,68.49863876,2
q633,45,Zoniferol,Male,12,25,70.82779631,2
q787,0,Placebo,Male,17,27,45.0,0
q787,5,Placebo,Male,17,27,47.11661587,0
q787,10,Placebo,Male,17,27,48.59386234,1
q787,15,Placebo,Male,17,27,49.21773243,2
q787,20,Placebo,Male,17,27,50.22993419,2
q787,25,Placebo,Male,17,27,52.71318786,2
q787,30,Placebo,Male,17,27,55.03620625,2
q787,35,Placebo,Male,17,27,60.33385242,3
q787,40,Placebo,Male,17,27,62.0341267,3
q787,45,Placebo,Male,17,27,66.09647477,3
r107,0,Propriva,Female,2,28,45.0,0
r107,5,Propriva,Female,2,28,48.51342027,0
r107,10,Propriva,Female,2,28,49.18601052,0
r107,15,Propriva,Female,2,28,53.09033546,0
r107,20,Propriva,Female,2,28,55.2638584,0
r107,25,Propriva,Female,2,28,57.70666715,1
r107,30,Propriva,Female,2,28,58.40647256,1
r157,0,Capomulin,Male,22,25,45.0,0
r157,5,Capomulin,Male,22,25,45.59706359,0
r157,10,Capomulin,Male,22,25,46.05960827,0
r157,15,Capomulin,Male,22,25,46.53920617,0
r604,0,Naftisol,Male,7,30,45.0,0
r604,5,Naftisol,Male,7,30,47.06774448,1
r604,10,Naftisol,Male,7,30,48.78655957,1
r604,15,Naftisol,Male,7,30,51.07452073,1
r604,20,Naftisol,Male,7,30,51.90275292,1
r604,25,Naftisol,Male,7,30,52.93685812,1
r604,30,Naftisol,Male,7,30,54.68821536,2
r604,35,Naftisol,Male,7,30,59.21700015,2
r604,40,Naftisol,Male,7,30,60.18611531,2
r604,45,Naftisol,Male,7,30,62.67075904,3
r701,0,Naftisol,Male,21,25,45.0,0
r701,5,Naftisol,Male,21,25,46.88697137,0
r701,10,Naftisol,Male,21,25,49.65459636,0
r701,15,Naftisol,Male,21,25,52.48480443,0
r701,20,Naftisol,Male,21,25,54.11413742,0
r701,25,Naftisol,Male,21,25,57.89848998,1
r701,30,Naftisol,Male,21,25,60.34181872,1
r701,35,Naftisol,Male,21,25,64.73001045,1
r701,40,Naftisol,Male,21,25,66.64072178,1
r701,45,Naftisol,Male,21,25,69.77854407,1
r850,0,Placebo,Male,5,30,45.0,0
r850,5,Placebo,Male,5,30,46.86291194,0
r850,10,Placebo,Male,5,30,48.51509085,1
r850,15,Placebo,Male,5,30,50.21860469,1
s121,0,Infubinol,Male,23,26,45.0,0
s121,5,Infubinol,Male,23,26,45.63566174,1
s121,10,Infubinol,Male,23,26,49.04883479,1
s121,15,Infubinol,Male,23,26,50.82456031,2
s121,20,Infubinol,Male,23,26,52.0050659,2
s121,25,Infubinol,Male,23,26,55.65068132,2
s141,0,Propriva,Male,8,25,45.0,0
s141,5,Propriva,Male,8,25,45.83113434,0
s141,10,Propriva,Male,8,25,47.23569156,0
s141,15,Propriva,Male,8,25,49.23234538,1
s141,20,Propriva,Male,8,25,51.6216457,1
s141,25,Propriva,Male,8,25,53.80437038,1
s141,30,Propriva,Male,8,25,55.84141007,1
s152,0,Placebo,Female,4,30,45.0,0
s152,5,Placebo,Female,4,30,47.4590529,1
s152,10,Placebo,Female,4,30,52.1816442,2
s152,15,Placebo,Female,4,30,57.22498064,2
s152,20,Placebo,Female,4,30,62.35160945,2
s152,25,Placebo,Female,4,30,64.11914213,2
s166,0,Placebo,Male,19,27,45.0,0
s166,5,Placebo,Male,19,27,47.18678778,0
s166,10,Placebo,Male,19,27,49.00012468,0
s187,0,Propriva,Male,22,25,45.0,0
s187,5,Propriva,Male,22,25,47.57671761,1
s187,10,Propriva,Male,22,25,48.14635121,1
s187,15,Propriva,Male,22,25,52.08163225,1
s187,20,Propriva,Male,22,25,53.74473406,1
s187,25,Propriva,Male,22,25,56.48521984,1
s187,30,Propriva,Male,22,25,60.00878263,2
s337,0,Zoniferol,Male,14,27,45.0,0
s337,5,Zoniferol,Male,14,27,46.84985157,0
s337,10,Zoniferol,Male,14,27,47.8944415,0
s337,15,Zoniferol,Male,14,27,48.57151582,0
s337,20,Zoniferol,Male,14,27,49.20205408,1
s337,25,Zoniferol,Male,14,27,50.9706889,2
s337,30,Zoniferol,Male,14,27,52.74771768,3
s337,35,Zoniferol,Male,14,27,54.81081251,3
s337,40,Zoniferol,Male,14,27,56.99481589,4
s337,45,Zoniferol,Male,14,27,62.10965102,4
s565,0,Stelasyn,Female,3,29,45.0,0
s565,5,Stelasyn,Female,3,29,48.24255218,0
s565,10,Stelasyn,Female,3,29,52.7775271,0
s565,15,Stelasyn,Female,3,29,54.32831664,1
s565,20,Stelasyn,Female,3,29,57.04618912,1
s565,25,Stelasyn,Female,3,29,58.55361079,1
s565,30,Stelasyn,Female,3,29,63.66896678,1
s565,35,Stelasyn,Female,3,29,64.77657909,2
s565,40,Stelasyn,Female,3,29,67.22100698,2
s565,45,Stelasyn,Female,3,29,72.58896447,2
s619,0,Stelasyn,Male,22,30,45.0,0
s619,5,Stelasyn,Male,22,30,46.60226878,0
t198,0,Propriva,Male,22,26,45.0,0
t198,5,Propriva,Male,22,26,47.46126052,0
t198,10,Propriva,Male,22,26,49.00080978,1
t198,15,Propriva,Male,22,26,49.7811808,2
t198,20,Propriva,Male,22,26,51.49073998,3
t198,25,Propriva,Male,22,26,56.18466399,3
t198,30,Propriva,Male,22,26,56.92497431,3
t198,35,Propriva,Male,22,26,57.73594116,3
t198,40,Propriva,Male,22,26,59.12995997,4
t198,45,Propriva,Male,22,26,64.91136268,4
t451,0,Stelasyn,Male,8,29,45.0,0
t451,5,Stelasyn,Male,8,29,48.04713882,0
t451,10,Stelasyn,Male,8,29,48.95791906,0
t451,15,Stelasyn,Male,8,29,49.65278772,0
t451,20,Stelasyn,Male,8,29,51.06367793,0
t451,25,Stelasyn,Male,8,29,55.52755345,0
t451,30,Stelasyn,Male,8,29,59.27582268,0
t451,35,Stelasyn,Male,8,29,63.75698964,0
t451,40,Stelasyn,Male,8,29,67.65479599,1
t451,45,Stelasyn,Male,8,29,68.7116302,1
t573,0,Ceftamin,Female,15,27,45.0,0
t718,0,Placebo,Female,10,30,45.0,0
t718,5,Placebo,Female,10,30,45.92125272,1
t718,10,Placebo,Female,10,30,46.39268805,1
t718,15,Placebo,Female,10,30,48.08512552,1
t718,20,Placebo,Female,10,30,52.6367,2
t718,25,Placebo,Female,10,30,55.87658787,3
t718,30,Placebo,Female,10,30,57.70411372,3
t718,35,Placebo,Female,10,30,60.46389851,3
t718,40,Placebo,Female,10,30,61.5303989,3
t718,45,Placebo,Female,10,30,63.42369517,4
t724,0,Naftisol,Female,2,25,45.0,0
t724,5,Naftisol,Female,2,25,46.35925829,0
t724,10,Naftisol,Female,2,25,50.70389965,0
t724,15,Naftisol,Female,2,25,55.58461724,0
t724,20,Naftisol,Female,2,25,57.22940914,0
t724,25,Naftisol,Female,2,25,59.82606797,1
t724,30,Naftisol,Female,2,25,64.2345947,2
t724,35,Naftisol,Female,2,25,67.74432795,2
t724,40,Naftisol,Female,2,25,69.72832559,2
t724,45,Naftisol,Female,2,25,75.11328801,2
t994,0,Placebo,Male,14,30,45.0,0
t994,5,Placebo,Male,14,30,47.8914871,0
t994,10,Placebo,Male,14,30,52.6141635,1
t994,15,Placebo,Male,14,30,53.45863887,1
t994,20,Placebo,Male,14,30,56.52795159,1
u149,0,Ceftamin,Male,24,29,45.0,0
u149,5,Ceftamin,Male,24,29,45.79206792,0
u149,10,Ceftamin,Male,24,29,47.40483439,0
u149,15,Ceftamin,Male,24,29,48.52237343,0
u149,20,Ceftamin,Male,24,29,50.37805789,0
u149,25,Ceftamin,Male,24,29,52.92534846,0
u153,0,Ceftamin,Female,11,25,45.0,0
u327,0,Ketapril,Male,17,25,45.0,0
u327,5,Ketapril,Male,17,25,45.69418805,0
u327,10,Ketapril,Male,17,25,49.23525948,0
u327,15,Ketapril,Male,17,25,50.65996437,0
u327,20,Ketapril,Male,17,25,53.18987907,0
u327,25,Ketapril,Male,17,25,56.05963409,0
u327,30,Ketapril,Male,17,25,57.31407239,0
u327,35,Ketapril,Male,17,25,58.08902837,1
u327,40,Ketapril,Male,17,25,60.46654541,1
u327,45,Ketapril,Male,17,25,66.26880133,2
u946,0,Propriva,Male,5,30,45.0,0
u946,5,Propriva,Male,5,30,45.9918078,1
u946,10,Propriva,Male,5,30,46.73050592,1
u946,15,Propriva,Male,5,30,47.67302921,1
u946,20,Propriva,Male,5,30,49.11004966,1
v199,0,Naftisol,Female,17,29,45.0,0
v289,0,Ketapril,Female,3,26,45.0,0
v289,5,Ketapril,Female,3,26,46.20446003,0
v289,10,Ketapril,Female,3,26,48.13348207,0
v289,15,Ketapril,Female,3,26,52.60216564,0
v289,20,Ketapril,Female,3,26,54.25005397,0
v289,25,Ketapril,Female,3,26,56.72009545,0
v295,0,Naftisol,Female,2,27,45.0,0
v295,5,Naftisol,Female,2,27,46.11181797,1
v295,10,Naftisol,Female,2,27,47.53946216,2
v295,15,Naftisol,Female,2,27,50.66605391,2
v295,20,Naftisol,Female,2,27,55.73137535,3
v295,25,Naftisol,Female,2,27,57.69185918,3
v295,30,Naftisol,Female,2,27,59.33377202,3
v295,35,Naftisol,Female,2,27,61.89315267,3
v295,40,Naftisol,Female,2,27,65.46607444,3
v339,0,Infubinol,Male,20,26,45.0,0
v339,5,Infubinol,Male,20,26,46.25011212,0
v409,0,Placebo,Female,16,25,45.0,0
v409,5,Placebo,Female,16,25,46.22079642,0
v409,10,Placebo,Female,16,25,50.64903842,1
v603,0,Ketapril,Female,22,30,45.0,0
v603,5,Ketapril,Female,22,30,46.01600593,0
v603,10,Ketapril,Female,22,30,47.8305568,0
v603,15,Ketapril,Female,22,30,52.10294744,0
v603,20,Ketapril,Female,22,30,53.72124193,0
v603,25,Ketapril,Female,22,30,56.07523001,1
v603,30,Ketapril,Female,22,30,57.99055378,1
v603,35,Ketapril,Female,22,30,63.18943184,1
v719,0,Infubinol,Female,17,30,45.0,0
v719,5,Infubinol,Female,17,30,47.18836325,0
v719,10,Infubinol,Female,17,30,51.49705412,1
v719,15,Infubinol,Female,17,30,52.60910758,1
v719,20,Infubinol,Female,17,30,54.04860769,1
v764,0,Stelasyn,Female,5,30,45.0,0
v764,5,Stelasyn,Female,5,30,47.05418474,0
v764,10,Stelasyn,Female,5,30,48.18900062,1
v764,15,Stelasyn,Female,5,30,49.41262418,2
v766,0,Infubinol,Male,16,27,45.0,0
v766,5,Infubinol,Male,16,27,48.15125091,1
v766,10,Infubinol,Male,16,27,50.36310988,1
v766,15,Infubinol,Male,16,27,51.54243058,1
v835,0,Naftisol,Male,7,29,45.0,0
v835,5,Naftisol,Male,7,29,47.15601071,0
v835,10,Naftisol,Male,7,29,48.96591797,0
v835,15,Naftisol,Male,7,29,50.54520646,1
v835,20,Naftisol,Male,7,29,51.29654266,2
v989,0,Placebo,Male,4,25,45.0,0
v989,5,Placebo,Male,4,25,48.85813451,0
v989,10,Placebo,Male,4,25,52.61468889,1
v991,0,Propriva,Female,10,30,45.0,0
v991,5,Propriva,Female,10,30,49.21432799,1
v991,10,Propriva,Female,10,30,52.6449057,1
v991,15,Propriva,Female,10,30,54.588591,1
v991,20,Propriva,Female,10,30,57.74069459,2
v991,25,Propriva,Female,10,30,60.01674733,2
v991,30,Propriva,Female,10,30,62.74364308,3
v991,35,Propriva,Female,10,30,63.89531294,4
v991,40,Propriva,Female,10,30,64.8511286,4
v991,45,Propriva,Female,10,30,70.16774899,4
w140,0,Zoniferol,Female,19,30,45.0,0
w140,5,Zoniferol,Female,19,30,47.71795156,0
w151,0,Ceftamin,Male,24,25,45.0,0
w151,5,Ceftamin,Male,24,25,45.54607595,1
w151,10,Ceftamin,Male,24,25,46.50147609,1
w151,15,Ceftamin,Male,24,25,47.24292865,1
w151,20,Ceftamin,Male,24,25,49.55426295,2
w151,25,Ceftamin,Male,24,25,51.8690587,2
w151,30,Ceftamin,Male,24,25,56.76715821,2
w151,35,Ceftamin,Male,24,25,58.33914095,2
w151,40,Ceftamin,Male,24,25,62.18795039,2
w151,45,Ceftamin,Male,24,25,67.52748237,3
w167,0,Placebo,Female,6,28,45.0,0
w167,5,Placebo,Female,6,28,48.78627194,0
w167,10,Placebo,Female,6,28,51.82640965,0
w167,15,Placebo,Female,6,28,53.90048909,0
w167,20,Placebo,Female,6,28,57.54815669,0
w167,25,Placebo,Female,6,28,61.86857673,0
w167,30,Placebo,Female,6,28,67.19787186,0
w167,35,Placebo,Female,6,28,68.13428817,0
w193,0,Infubinol,Male,22,30,45.0,0
w193,5,Infubinol,Male,22,30,45.49385802,0
w193,10,Infubinol,Male,22,30,48.34655046,0
w193,15,Infubinol,Male,22,30,49.38557373,0
w193,20,Infubinol,Male,22,30,50.00513807,0
w350,0,Propriva,Male,7,26,45.0,0
w350,5,Propriva,Male,7,26,48.23211311,0
w350,10,Propriva,Male,7,26,48.89955238,0
w350,15,Propriva,Male,7,26,50.8546323,1
w350,20,Propriva,Male,7,26,52.13232061,1
w350,25,Propriva,Male,7,26,52.80591518,1
w350,30,Propriva,Male,7,26,55.87990896,1
w350,35,Propriva,Male,7,26,56.68355758,1
w350,40,Propriva,Male,7,26,62.32434769,2
w350,45,Propriva,Male,7,26,64.95756185,2
w422,0,Ketapril,Female,18,26,45.0,0
w422,5,Ketapril,Female,18,26,48.45745927,0
w422,10,Ketapril,Female,18,26,49.93597024,0
w422,15,Ketapril,Female,18,26,52.24630985,0
w422,20,Ketapril,Female,18,26,53.67624336,1
w422,25,Ketapril,Female,18,26,56.95791715,2
w422,30,Ketapril,Female,18,26,60.09663467,3
w422,35,Ketapril,Female,18,26,61.40961994,4
w422,40,Ketapril,Female,18,26,63.07258467,4
w422,45,Ketapril,Female,18,26,67.98953001,4
w540,0,Stelasyn,Female,8,26,45.0,0
w540,5,Stelasyn,Female,8,26,45.88537038,1
w540,10,Stelasyn,Female,8,26,47.45906658,1
w540,15,Stelasyn,Female,8,26,48.25014636,2
w540,20,Stelasyn,Female,8,26,50.67272745,2
w540,25,Stelasyn,Female,8,26,52.60026955,2
w575,0,Zoniferol,Female,16,28,45.0,0
w575,5,Zoniferol,Female,16,28,48.91385977,1
w575,10,Zoniferol,Female,16,28,50.13595547,1
w575,15,Zoniferol,Female,16,28,50.86745176,1
w575,20,Zoniferol,Female,16,28,55.5918155,1
w575,25,Zoniferol,Female,16,28,58.58732169,1
w575,30,Zoniferol,Female,16,28,60.15306524,1
w575,35,Zoniferol,Female,16,28,63.68644503,2
w575,40,Zoniferol,Female,16,28,64.93840621,3
w575,45,Zoniferol,Female,16,28,68.40128593,3
w584,0,Infubinol,Male,3,29,45.0,0
w584,5,Infubinol,Male,3,29,46.05193075,0
w584,10,Infubinol,Male,3,29,47.29850794,0
w584,15,Infubinol,Male,3,29,51.26543971,0
w584,20,Infubinol,Male,3,29,53.32350743,1
w584,25,Infubinol,Male,3,29,55.65083791,1
w584,30,Infubinol,Male,3,29,58.26844248,1
w697,0,Stelasyn,Female,14,30,45.0,0
w697,5,Stelasyn,Female,14,30,48.30182261,1
w697,10,Stelasyn,Female,14,30,48.925056,2
w697,15,Stelasyn,Female,14,30,52.65726519,2
w697,20,Stelasyn,Female,14,30,54.22809098,3
w697,25,Stelasyn,Female,14,30,57.6103943,3
w697,30,Stelasyn,Female,14,30,60.72063591,3
w697,35,Stelasyn,Female,14,30,63.68904216,3
w746,0,Propriva,Male,1,26,45.0,0
w746,5,Propriva,Male,1,26,49.45327005,0
x111,0,Propriva,Female,24,27,45.0,0
x111,5,Propriva,Female,24,27,46.94101498,1
x111,10,Propriva,Female,24,27,49.12296898,1
x209,0,Propriva,Female,7,29,45.0,0
x209,5,Propriva,Female,7,29,46.75426887,0
x209,10,Propriva,Female,7,29,48.92989543,0
x226,0,Ceftamin,Male,23,28,45.0,0
x264,0,Naftisol,Female,21,27,45.0,0
x264,5,Naftisol,Female,21,27,47.0384145,0
x264,10,Naftisol,Female,21,27,47.88712765,1
x264,15,Naftisol,Female,21,27,50.00231403,1
x264,20,Naftisol,Female,21,27,53.07426973,1
x264,25,Naftisol,Female,21,27,56.89105283,2
x264,30,Naftisol,Female,21,27,58.15869423,3
x264,35,Naftisol,Female,21,27,61.29960778,4
x264,40,Naftisol,Female,21,27,63.28328821,4
x336,0,Naftisol,Female,4,29,45.0,0
x402,0,Stelasyn,Male,21,28,45.0,0
x402,5,Stelasyn,Male,21,28,46.32757027,1
x402,10,Stelasyn,Male,21,28,46.88696249,1
x402,15,Stelasyn,Male,21,28,49.1199478,1
x402,20,Stelasyn,Male,21,28,50.41475041,2
x402,25,Stelasyn,Male,21,28,52.43173664,2
x402,30,Stelasyn,Male,21,28,54.35158463,3
x402,35,Stelasyn,Male,21,28,55.24096223,3
x402,40,Stelasyn,Male,21,28,56.69172294,3
x402,45,Stelasyn,Male,21,28,61.61960615,3
x581,0,Ceftamin,Female,19,28,45.0,0
x581,5,Ceftamin,Female,19,28,47.1969266,0
x581,10,Ceftamin,Female,19,28,49.06702788,1
x581,15,Ceftamin,Female,19,28,49.74642744,2
x581,20,Ceftamin,Female,19,28,51.20796943,3
x581,25,Ceftamin,Female,19,28,51.93528318,3
x581,30,Ceftamin,Female,19,28,55.49282602,3
x581,35,Ceftamin,Female,19,28,58.07758293,3
x581,40,Ceftamin,Female,19,28,60.28040549,3
x581,45,Ceftamin,Female,19,28,64.63494887,3
x613,0,Zoniferol,Female,2,29,45.0,0
x613,5,Zoniferol,Female,2,29,46.09704058,0
x613,10,Zoniferol,Female,2,29,46.8181759,0
x613,15,Zoniferol,Female,2,29,48.0776464,0
x773,0,Placebo,Female,21,30,45.0,0
x773,5,Placebo,Female,21,30,45.8508307,1
x773,10,Placebo,Female,21,30,47.18920597,2
x773,15,Placebo,Female,21,30,47.67123558,3
x773,20,Placebo,Female,21,30,49.7397129,3
x773,25,Placebo,Female,21,30,51.10442109,3
x773,30,Placebo,Female,21,30,52.81311518,4
x773,35,Placebo,Female,21,30,55.19273639,4
x773,40,Placebo,Female,21,30,55.98767551,4
x773,45,Placebo,Female,21,30,58.63497149,4
x822,0,Ceftamin,Male,3,29,45.0,0
x822,5,Ceftamin,Male,3,29,45.67110442,1
x822,10,Ceftamin,Male,3,29,48.98371668,1
x822,15,Ceftamin,Male,3,29,49.69466533,1
x822,20,Ceftamin,Male,3,29,51.91490968,2
x822,25,Ceftamin,Male,3,29,54.04133326,2
x822,30,Ceftamin,Male,3,29,55.44515483,2
x822,35,Ceftamin,Male,3,29,56.79656665,2
x822,40,Ceftamin,Male,3,29,59.55568466,2
x822,45,Ceftamin,Male,3,29,61.38666032,3
x930,0,Naftisol,Male,13,26,45.0,0
x930,5,Naftisol,Male,13,26,46.07823375,0
x930,10,Naftisol,Male,13,26,50.26069441,0
x930,15,Naftisol,Male,13,26,51.97376864,0
x930,20,Naftisol,Male,13,26,52.55606575,0
x930,25,Naftisol,Male,13,26,53.7261013,0
y163,0,Infubinol,Female,17,27,45.0,0
y163,5,Infubinol,Female,17,27,48.28497016,0
y163,10,Infubinol,Female,17,27,49.1123991,1
y163,15,Infubinol,Female,17,27,51.52306843,1
y163,20,Infubinol,Female,17,27,54.57107607,1
y163,25,Infubinol,Female,17,27,56.17638452,1
y163,30,Infubinol,Female,17,27,59.41253724,2
y163,35,Infubinol,Female,17,27,61.73019562,2
y163,40,Infubinol,Female,17,27,63.62067958,2
y163,45,Infubinol,Female,17,27,67.68556862,3
y260,0,Ketapril,Female,7,25,45.0,0
y260,5,Ketapril,Female,7,25,46.79983867,0
y260,10,Ketapril,Female,7,25,48.08180678,1
y260,15,Ketapril,Female,7,25,50.19615224,2
y260,20,Ketapril,Female,7,25,50.72958174,3
y260,25,Ketapril,Female,7,25,54.43756172,4
y260,30,Ketapril,Female,7,25,58.58267634,4
y260,35,Ketapril,Female,7,25,59.60355821,4
y260,40,Ketapril,Female,7,25,60.91417627,4
y260,45,Ketapril,Female,7,25,62.90944062,4
y478,0,Placebo,Female,3,25,45.0,0
y478,5,Placebo,Female,3,25,48.64107818,1
y478,10,Placebo,Female,3,25,52.28893409,1
y478,15,Placebo,Female,3,25,53.61040585,1
y478,20,Placebo,Female,3,25,56.84885016,1
y478,25,Placebo,Female,3,25,57.82697598,1
y478,30,Placebo,Female,3,25,59.37461452,1
y478,35,Placebo,Female,3,25,61.88802678,1
y478,40,Placebo,Female,3,25,65.97112017,1
y478,45,Placebo,Female,3,25,66.84263453,1
y601,0,Naftisol,Female,23,25,45.0,0
y601,5,Naftisol,Female,23,25,48.47500273,1
y769,0,Ceftamin,Female,6,27,45.0,0
y769,5,Ceftamin,Female,6,27,46.42265176,1
y769,10,Ceftamin,Female,6,27,48.01516261,1
y769,15,Ceftamin,Female,6,27,52.76102114,2
y769,20,Ceftamin,Female,6,27,55.02572434,2
y769,25,Ceftamin,Female,6,27,58.33595901,3
y769,30,Ceftamin,Female,6,27,61.07194886,3
y769,35,Ceftamin,Female,6,27,63.43063221,3
y769,40,Ceftamin,Female,6,27,64.25102761,4
y769,45,Ceftamin,Female,6,27,68.59474498,4
y865,0,Ceftamin,Male,23,26,45.0,0
y865,5,Ceftamin,Male,23,26,46.73500592,1
y865,10,Ceftamin,Male,23,26,49.52273955,1
y865,15,Ceftamin,Male,23,26,50.80651856,1
y865,20,Ceftamin,Male,23,26,52.36198241,1
y865,25,Ceftamin,Male,23,26,57.17353846,2
y865,30,Ceftamin,Male,23,26,59.0332753,3
y865,35,Ceftamin,Male,23,26,61.15313991,3
y865,40,Ceftamin,Male,23,26,63.46954946,3
y865,45,Ceftamin,Male,23,26,64.72983655,3
z234,0,Naftisol,Female,19,27,45.0,0
z234,5,Naftisol,Female,19,27,46.12935706,1
z314,0,Stelasyn,Female,21,28,45.0,0
z314,5,Stelasyn,Female,21,28,45.93471217,0
z435,0,Propriva,Female,12,26,45.0,0
z435,5,Propriva,Female,12,26,47.11597963,0
z435,10,Propriva,Female,12,26,48.71066147,0
z581,0,Infubinol,Female,24,25,45.0,0
z581,5,Infubinol,Female,24,25,49.27309187,1
z581,10,Infubinol,Female,24,25,50.47875016,2
z581,15,Infubinol,Female,24,25,51.1963042,2
z581,20,Infubinol,Female,24,25,51.80794416,2
z581,25,Infubinol,Female,24,25,54.31640682,2
z581,30,Infubinol,Female,24,25,56.28674991,2
z581,35,Infubinol,Female,24,25,58.62839878,3
z581,40,Infubinol,Female,24,25,60.05373963,3
z581,45,Infubinol,Female,24,25,62.75445141,3
z795,0,Naftisol,Female,13,29,45.0,0
z795,5,Naftisol,Female,13,29,46.83347493,0
z795,10,Naftisol,Female,13,29,48.0308039,0
z795,15,Naftisol,Female,13,29,49.36813189,1
z795,20,Naftisol,Female,13,29,53.28065717,1
z795,25,Naftisol,Female,13,29,57.94709984,2
z795,30,Naftisol,Female,13,29,59.7896359,2
z795,35,Naftisol,Female,13,29,60.43565416,2
z795,40,Naftisol,Female,13,29,62.37663884,3
z795,45,Naftisol,Female,13,29,65.74107029,3
z969,0,Naftisol,Male,9,30,45.0,0
z969,5,Naftisol,Male,9,30,49.33299873,0
z969,10,Naftisol,Male,9,30,52.65608148,1
z969,15,Naftisol,Male,9,30,54.71300452,2
z969,20,Naftisol,Male,9,30,57.89877823,2
z969,25,Naftisol,Male,9,30,63.14565213,2
z969,30,Naftisol,Male,9,30,65.84101274,3
z969,35,Naftisol,Male,9,30,69.17624607,4
z969,40,Naftisol,Male,9,30,70.31490411,4
z969,45,Naftisol,Male,9,30,73.86784476,4
